{
	"description": "项目配置文件。",
	"packOptions": {
		"ignore": []
	},
	"setting": {
		"urlCheck": false,
		"es6": true,
		"postcss": true,
		"minified": true,
		"newFeature": true,
		"uglifyFileName": true,
		"autoAudits": false,
		"checkInvalidKey": true
	},
	"compileType": "miniprogram",
	"libVersion": "2.7.5",
	"appid": "wx0c193b30f0f8ac93",
	"projectname": "%E6%A4%B0%E5%AD%90%E6%A0%A1%E5%9B%AD",
	"isGameTourist": false,
	"simulatorType": "wechat",
	"simulatorPluginLibVersion": {},
	"condition": {
		"search": {
			"current": -1,
			"list": []
		},
		"conversation": {
			"current": -1,
			"list": []
		},
		"plugin": {
			"current": -1,
			"list": []
		},
		"game": {
			"currentL": -1,
			"list": []
		},
		"miniprogram": {
			"current": 13,
			"list": [
				{
					"id": 0,
					"name": "菜单",
					"pathName": "pages/index/item/menu/menu",
					"query": "shopid=10"
				},
				{
					"id": -1,
					"name": "order",
					"pathName": "pages/order/order",
					"query": ""
				},
				{
					"id": -1,
					"name": "integral",
					"pathName": "pages/mine/integral/integral",
					"query": ""
				},
				{
					"id": -1,
					"name": "二手",
					"pathName": "pages/index/mall/mall",
					"query": ""
				},
				{
					"id": -1,
					"name": "二手发布",
					"pathName": "pages/index/mall/mallMine/mallMine",
					"query": ""
				},
				{
					"id": -1,
					"name": "二手详情",
					"pathName": "pages/index/mall/details/details",
					"query": ""
				},
				{
					"id": -1,
					"name": "欢迎页面",
					"pathName": "pages/welcome/welcome",
					"query": ""
				},
				{
					"id": -1,
					"name": "个人中心",
					"pathName": "pages/mine/mine",
					"query": ""
				},
				{
					"id": -1,
					"name": "合伙人",
					"pathName": "pages/index/partner/partner",
					"query": ""
				},
				{
					"id": 9,
					"name": "会员卡",
					"pathName": "pages/mine/payment/payment",
					"query": ""
				},
				{
					"id": -1,
					"name": "店铺列表",
					"pathName": "pages/index/item/item",
					"query": ""
				},
				{
					"id": -1,
					"name": "验证码登陆",
					"pathName": "pages/bindUser/bindUser",
					"query": ""
				},
				{
					"id": -1,
					"name": "跑腿",
					"pathName": "pages/index/run/run",
					"query": ""
				},
				{
					"id": 13,
					"name": "下单成功页面",
					"pathName": "pages/order/orderSuccess/orderSuccess",
					"query": "orderId=201902222258140670749791577&typ=外卖订单&shopId= 216"
				},
				{
					"id": -1,
					"name": "首页",
					"pathName": "pages/index/index",
					"query": ""
				},
				{
					"id": -1,
					"name": "首页",
					"pathName": "pages/index/index",
					"query": ""
				},
				{
					"id": -1,
					"name": "优惠券",
					"pathName": "pages/mine/coupon/coupon",
					"query": ""
				},
				{
					"id": -1,
					"name": "欢迎",
					"pathName": "pages/welcome/welcome",
					"query": ""
				},
				{
					"id": -1,
					"name": "富文本",
					"pathName": "pages/richText/richText",
					"query": "id=3"
				}
			]
		}
	}
}