# Host: sh-cdb-0e99ru5c.sql.tencentcdb.com:62580  (Version 5.6.28-cdb2016-log)
# Date: 2019-08-12 10:01:04
# Generator: MySQL-Front 6.1  (Build 1.26)


#
# Structure for table "address"
#

CREATE TABLE `address` (
  `Id` int(11) NOT NULL AUTO_INCREMENT,
  `name` varchar(30) NOT NULL DEFAULT '' COMMENT '收货人姓名',
  `floor_id` int(11) NOT NULL DEFAULT '0' COMMENT '楼栋id',
  `phone` varchar(11) NOT NULL DEFAULT '' COMMENT '手机号码',
  `detail` varchar(255) NOT NULL DEFAULT '' COMMENT '详细',
  `school_id` int(11) NOT NULL DEFAULT '0' COMMENT '学校id',
  `is_delete` int(11) NOT NULL DEFAULT '0' COMMENT '是否删除',
  `open_id` varchar(50) NOT NULL DEFAULT '' COMMENT '用户id',
  PRIMARY KEY (`Id`),
  KEY `normal_index_open_id` (`open_id`) USING BTREE COMMENT '用户openid索引'
) ENGINE=InnoDB AUTO_INCREMENT=11 DEFAULT CHARSET=utf8 COMMENT='收货地址';

#
# Data for table "address"
#

INSERT INTO `address` VALUES (1,'陈顺波',108,'18857818257','201',22,0,'oWP5G42cNW2gghAZiqvfOFDQ--0A'),(2,'季',108,'18758582499','122',22,0,'oWP5G47Fo148eIAgTL5UVVoeq8hY'),(3,'陈顺波',110,'18857818257','201',22,0,'oWP5G42cNW2gghAZiqvfOFDQ--0A'),(4,'季',110,'18758582499','112',22,0,'oWP5G47Fo148eIAgTL5UVVoeq8hY'),(5,'范承志',108,'17379711090','209',22,0,'oWP5G42VOBIbGrTMF9on-hXxiTa8'),(6,'范承志',110,'17379711090','209',22,0,'oWP5G42VOBIbGrTMF9on-hXxiTa8'),(7,'陈珊妮',108,'18857818257','201',22,1,'oWP5G42cNW2gghAZiqvfOFDQ--0A'),(8,'啊啊啊',108,'17671444410','啊啊啊',22,0,'oWP5G4wITSFF8Ts7kJmjNy7E0xzQ'),(9,'你厉害哦',108,'15024307669','4444',22,0,'oWP5G4--KeEUtiuRWZLB_Y6n5qIQ'),(10,'容器',108,'13958933993','679',22,0,'oWP5G49NHB7wT_4wLSD3okvOLpSg');

#
# Structure for table "application"
#

CREATE TABLE `application` (
  `Id` int(11) NOT NULL AUTO_INCREMENT,
  `vip_takeout_discount` decimal(5,4) NOT NULL DEFAULT '1.0000' COMMENT '会员折扣',
  `vip_run_discount` decimal(5,2) NOT NULL DEFAULT '1.00' COMMENT '跑腿会员折扣',
  `money` decimal(10,2) NOT NULL DEFAULT '0.00' COMMENT '平台总余额',
  `useable_money` decimal(10,2) NOT NULL DEFAULT '0.00' COMMENT '可用余额',
  `login_name` varchar(40) NOT NULL DEFAULT '' COMMENT '登录名',
  `login_pass` varchar(255) NOT NULL DEFAULT '' COMMENT '登录密码',
  `vip_takeout_discount_flag` int(11) NOT NULL DEFAULT '0' COMMENT '外卖折扣标志',
  `vip_run_discount_flag` int(11) NOT NULL DEFAULT '0' COMMENT '跑腿折扣标志',
  `max_school_count` int(11) NOT NULL DEFAULT '0' COMMENT '最大拥有学校数量',
  `is_delete` int(11) NOT NULL DEFAULT '0' COMMENT '是否删除',
  `phone` varchar(11) NOT NULL DEFAULT '' COMMENT '手机',
  PRIMARY KEY (`Id`)
) ENGINE=InnoDB AUTO_INCREMENT=5 DEFAULT CHARSET=utf8 COMMENT='全局信息';

#
# Data for table "application"
#

INSERT INTO `application` VALUES (1,1.0000,1.00,0.00,0.00,'椰子超级后台','b01USXpNVEl6cA==',0,0,5,0,'18857818257');

#
# Structure for table "charge"
#

CREATE TABLE `charge` (
  `Id` int(11) NOT NULL AUTO_INCREMENT,
  `full` int(11) NOT NULL DEFAULT '0' COMMENT '充值金额',
  `send` int(11) NOT NULL DEFAULT '0' COMMENT '赠送金额',
  `is_delete` int(11) NOT NULL DEFAULT '0' COMMENT '是否删除',
  PRIMARY KEY (`Id`)
) ENGINE=InnoDB AUTO_INCREMENT=33 DEFAULT CHARSET=utf8 COMMENT='充值项';

#
# Data for table "charge"
#

INSERT INTO `charge` VALUES (23,10,0,0),(24,20,0,0),(25,50,1,0),(26,100,2,0),(27,200,5,0),(29,500,15,0),(30,10,2,0),(31,1,1,0),(32,2,1,0);

#
# Structure for table "charge_log"
#

CREATE TABLE `charge_log` (
  `id` int(11) NOT NULL AUTO_INCREMENT,
  `wx_trade_no` varchar(50) NOT NULL DEFAULT '0' COMMENT '微信充值流水号',
  `pay` decimal(8,2) NOT NULL DEFAULT '0.00' COMMENT '充值金额',
  `send` decimal(8,2) NOT NULL DEFAULT '0.00' COMMENT '赠送金额',
  `open_id` varchar(50) NOT NULL DEFAULT '' COMMENT '用户id',
  `create_time` varchar(30) NOT NULL DEFAULT '' COMMENT '时间',
  `app_id` int(11) NOT NULL DEFAULT '0' COMMENT 'appid',
  PRIMARY KEY (`id`),
  KEY `normal_index_wx_trade_no` (`wx_trade_no`) USING BTREE COMMENT '微信流水号索引',
  KEY `normal_index_open_id` (`open_id`) USING BTREE COMMENT '用户openid索引'
) ENGINE=InnoDB AUTO_INCREMENT=7 DEFAULT CHARSET=utf8 COMMENT='充值记录';

#
# Data for table "charge_log"
#

INSERT INTO `charge_log` VALUES (5,'201908061818009056610518680',10.00,2.00,'oWP5G42cNW2gghAZiqvfOFDQ--0A','2019-08-06 18:18:05',1),(6,'201908061818100200165010062',10.00,2.00,'oWP5G42cNW2gghAZiqvfOFDQ--0A','2019-08-06 18:18:14',1);

#
# Structure for table "coupon"
#

CREATE TABLE `coupon` (
  `id` bigint(20) NOT NULL AUTO_INCREMENT COMMENT '主键id',
  `school_id` bigint(20) NOT NULL COMMENT '学校id',
  `coupon_name` varchar(255) NOT NULL DEFAULT '' COMMENT '优惠券名称',
  `coupon_desc` varchar(255) NOT NULL DEFAULT '' COMMENT '优惠券描述',
  `full_amount` int(11) NOT NULL COMMENT '优惠券面额（满额使用）',
  `cut_amount` int(11) NOT NULL COMMENT '优惠金额（减额）',
  `coupon_type` int(11) NOT NULL COMMENT '优惠券类型（0.店铺优惠券  1.首页优惠券 2-平台优惠券所有店铺使用）',
  `yes_show_index` int(4) NOT NULL DEFAULT '0' COMMENT '优惠券是否在首页展示（0不展示，1展示）',
  `send_begin_time` datetime NOT NULL COMMENT '优惠券发放开始时间',
  `send_end_time` datetime NOT NULL COMMENT '优惠券发放结束时间',
  `effective_days` int(11) NOT NULL COMMENT '优惠券有效天数',
  `create_time` datetime NOT NULL DEFAULT CURRENT_TIMESTAMP COMMENT '创建时间',
  `create_id` bigint(20) NOT NULL COMMENT '创建人id',
  `update_time` datetime DEFAULT NULL ON UPDATE CURRENT_TIMESTAMP COMMENT '修改时间',
  `update_id` bigint(20) DEFAULT NULL COMMENT '修改人id',
  `is_invalid` int(4) NOT NULL DEFAULT '0' COMMENT '是否失效（0.生效中 1.已失效）',
  `is_delete` int(11) NOT NULL DEFAULT '0' COMMENT '是否删除（1.删除 0.未删除）',
  PRIMARY KEY (`id`)
) ENGINE=InnoDB AUTO_INCREMENT=48 DEFAULT CHARSET=utf8;

#
# Data for table "coupon"
#

INSERT INTO `coupon` VALUES (44,22,'优惠券一号','天降福利哟，单店铺使用',10,2,0,0,'2019-08-01 00:00:01','2019-08-01 23:59:59',10,'2019-08-01 15:35:56',22,'2019-08-07 17:59:58',22,1,0),(45,22,'优惠券二号','首页勾选部分商家使用',20,5,1,1,'2019-08-01 00:00:01','2019-08-01 23:59:59',10,'2019-08-01 15:36:38',22,'2019-08-07 17:59:58',22,1,0),(46,22,'优惠券三号','全店铺发放',10,3,2,1,'2019-08-01 00:00:01','2019-08-01 23:59:59',10,'2019-08-01 15:37:19',22,'2019-08-07 17:59:58',22,1,0);

#
# Structure for table "day_log_takeout"
#

CREATE TABLE `day_log_takeout` (
  `Id` int(11) NOT NULL AUTO_INCREMENT,
  `self_name` varchar(40) NOT NULL DEFAULT '' COMMENT '店铺名字',
  `self_id` int(11) NOT NULL DEFAULT '0' COMMENT '本级id',
  `day` varchar(20) NOT NULL DEFAULT '' COMMENT '时间',
  `total_count` int(11) NOT NULL DEFAULT '0' COMMENT '总单数',
  `total_price` decimal(10,2) NOT NULL DEFAULT '0.00' COMMENT '总交易金额',
  `self_get` decimal(10,2) NOT NULL DEFAULT '0.00' COMMENT '商铺总收入',
  `parent_get` decimal(10,2) NOT NULL DEFAULT '0.00' COMMENT '学校收入',
  `takeout_total_count` int(11) NOT NULL DEFAULT '0' COMMENT '外卖单数',
  `selfget_total_count` int(11) NOT NULL DEFAULT '0' COMMENT '自取单数',
  `type` varchar(10) NOT NULL DEFAULT '' COMMENT '类型',
  `parent_id` int(11) NOT NULL DEFAULT '0' COMMENT '上级id',
  `box_price` decimal(10,2) NOT NULL DEFAULT '0.00' COMMENT '餐盒费',
  `send_price` decimal(10,2) NOT NULL DEFAULT '0.00' COMMENT '配送费',
  `product_price` decimal(10,2) NOT NULL DEFAULT '0.00' COMMENT '商品费用',
  `wx_pay_get` decimal(10,2) NOT NULL DEFAULT '0.00' COMMENT '微信支付所得',
  `bell_pay_get` decimal(10,2) NOT NULL DEFAULT '0.00' COMMENT '钱包支付',
  PRIMARY KEY (`Id`)
) ENGINE=InnoDB AUTO_INCREMENT=223 DEFAULT CHARSET=utf8 COMMENT='日记录';

#
# Data for table "day_log_takeout"
#

INSERT INTO `day_log_takeout` VALUES (1,'麻蜀黍（新店优惠）',215,'2019-08-06',0,0.00,0.00,0.00,0,0,'商铺日志',22,0.00,0.00,0.00,0.00,0.00),(2,'熊猫来2（送到寝）',216,'2019-08-06',4,38.00,40.80,6.00,0,0,'商铺日志',22,4.00,12.00,52.00,0.00,0.00),(3,'十点见（本店装修ing）',217,'2019-08-06',0,0.00,0.00,0.00,0,0,'商铺日志',22,0.00,0.00,0.00,0.00,0.00),(4,'测试学校',22,'2019-08-06',4,38.00,5.62,0.38,0,0,'学校商铺日志',1,4.00,12.00,52.00,18.00,20.00),(5,'椰子校园配送版（用户勿选）',23,'2019-08-06',0,0.00,0.00,0.00,0,0,'学校商铺日志',1,0.00,0.00,0.00,0.00,0.00),(6,'',22,'2019-08-06',4,8.00,1.60,0.00,0,0,'学校跑腿日志',1,0.00,0.00,0.00,4.00,4.00),(7,'',23,'2019-08-06',0,0.00,0.00,0.00,0,0,'学校跑腿日志',1,0.00,0.00,0.00,0.00,0.00),(8,'麻蜀黍（新店优惠）',215,'2019-08-07',0,0.00,0.00,0.00,0,0,'商铺日志',22,0.00,0.00,0.00,0.00,0.00),(9,'熊猫来2（送到寝）',216,'2019-08-07',0,0.00,0.00,0.00,0,0,'商铺日志',22,0.00,0.00,0.00,0.00,0.00),(10,'十点见（本店装修ing）',217,'2019-08-07',0,0.00,0.00,0.00,0,0,'商铺日志',22,0.00,0.00,0.00,0.00,0.00),(11,'测试学校',22,'2019-08-07',0,0.00,0.00,0.00,0,0,'学校商铺日志',1,0.00,0.00,0.00,0.00,0.00),(12,'椰子校园配送版（用户勿选）',23,'2019-08-07',0,0.00,0.00,0.00,0,0,'学校商铺日志',1,0.00,0.00,0.00,0.00,0.00),(13,'',22,'2019-08-07',0,0.00,0.00,0.00,0,0,'学校跑腿日志',1,0.00,0.00,0.00,0.00,0.00),(14,'',23,'2019-08-07',0,0.00,0.00,0.00,0,0,'学校跑腿日志',1,0.00,0.00,0.00,0.00,0.00),(15,'麻蜀黍（新店优惠）',215,'2019-08-08',0,0.00,0.00,0.00,0,0,'商铺日志',22,0.00,0.00,0.00,0.00,0.00),(16,'熊猫来2（送寝）',216,'2019-08-08',5,42.00,27.90,5.50,0,0,'商铺日志',22,2.00,12.00,35.00,0.00,0.00),(17,'十点见（本店装修ing）',217,'2019-08-08',0,0.00,0.00,0.00,0,0,'商铺日志',22,0.00,0.00,0.00,0.00,0.00),(18,'测试学校',22,'2019-08-08',5,42.00,5.08,0.42,0,0,'学校商铺日志',1,2.00,12.00,35.00,42.00,0.00),(19,'椰子校园配送版（用户勿选）',23,'2019-08-08',0,0.00,0.00,0.00,0,0,'学校商铺日志',1,0.00,0.00,0.00,0.00,0.00),(20,'',22,'2019-08-08',0,0.00,0.00,0.00,0,0,'学校跑腿日志',1,0.00,0.00,0.00,0.00,0.00),(21,'',23,'2019-08-08',0,0.00,0.00,0.00,0,0,'学校跑腿日志',1,0.00,0.00,0.00,0.00,0.00),(22,'麻蜀黍（新店优惠）',1,'2019-08-09',0,0.00,0.00,0.00,0,0,'商铺日志',22,0.00,0.00,0.00,0.00,0.00),(23,'熊猫来2',2,'2019-08-09',0,0.00,0.00,0.00,0,0,'商铺日志',22,0.00,0.00,0.00,0.00,0.00),(24,'十点见（本店装修ing）',3,'2019-08-09',0,0.00,0.00,0.00,0,0,'商铺日志',22,0.00,0.00,0.00,0.00,0.00),(25,'测试学校',22,'2019-08-09',0,0.00,0.00,0.00,0,0,'学校商铺日志',1,0.00,0.00,0.00,0.00,0.00),(26,'椰子校园配送版（用户勿选）',23,'2019-08-09',0,0.00,0.00,0.00,0,0,'学校商铺日志',1,0.00,0.00,0.00,0.00,0.00),(27,'小木村石锅拌饭',4,'2019-08-09',0,0.00,0.00,0.00,0,0,'商铺日志',24,0.00,0.00,0.00,0.00,0.00),(28,'正宗黄焖鸡',5,'2019-08-09',0,0.00,0.00,0.00,0,0,'商铺日志',24,0.00,0.00,0.00,0.00,0.00),(29,'UFO汉堡（送到嘴边）',6,'2019-08-09',0,0.00,0.00,0.00,0,0,'商铺日志',24,0.00,0.00,0.00,0.00,0.00),(30,'乐滋麻辣香锅（领红包下单）',7,'2019-08-09',0,0.00,0.00,0.00,0,0,'商铺日志',24,0.00,0.00,0.00,0.00,0.00),(31,'东北大馅水饺',8,'2019-08-09',0,0.00,0.00,0.00,0,0,'商铺日志',24,0.00,0.00,0.00,0.00,0.00),(32,'杨明宇黄焖鸡米饭',9,'2019-08-09',0,0.00,0.00,0.00,0,0,'商铺日志',24,0.00,0.00,0.00,0.00,0.00),(33,'华仔烤肉拌饭',10,'2019-08-09',0,0.00,0.00,0.00,0,0,'商铺日志',24,0.00,0.00,0.00,0.00,0.00),(34,'厉害了炒饭',11,'2019-08-09',0,0.00,0.00,0.00,0,0,'商铺日志',24,0.00,0.00,0.00,0.00,0.00),(35,'港岛记.香港叉烧饭',12,'2019-08-09',0,0.00,0.00,0.00,0,0,'商铺日志',24,0.00,0.00,0.00,0.00,0.00),(36,'桥头排骨（万达店）',13,'2019-08-09',0,0.00,0.00,0.00,0,0,'商铺日志',24,0.00,0.00,0.00,0.00,0.00),(37,'酱骨大师·姜仔鸡',14,'2019-08-09',0,0.00,0.00,0.00,0,0,'商铺日志',24,0.00,0.00,0.00,0.00,0.00),(38,'小吃美食餐厅（上楼）',15,'2019-08-09',0,0.00,0.00,0.00,0,0,'商铺日志',24,0.00,0.00,0.00,0.00,0.00),(39,'低卡实验室',16,'2019-08-09',0,0.00,0.00,0.00,0,0,'商铺日志',24,0.00,0.00,0.00,0.00,0.00),(40,'老徐炒饭',17,'2019-08-09',0,0.00,0.00,0.00,0,0,'商铺日志',24,0.00,0.00,0.00,0.00,0.00),(41,'福来聚斯(饮品便当焗饭)',18,'2019-08-09',0,0.00,0.00,0.00,0,0,'商铺日志',24,0.00,0.00,0.00,0.00,0.00),(42,'流星雨果吧鸡排～汉堡～披萨～水果茶',19,'2019-08-09',0,0.00,0.00,0.00,0,0,'商铺日志',24,0.00,0.00,0.00,0.00,0.00),(43,'东池便当',20,'2019-08-09',0,0.00,0.00,0.00,0,0,'商铺日志',24,0.00,0.00,0.00,0.00,0.00),(44,'快洁(自选式炒饭)',21,'2019-08-09',0,0.00,0.00,0.00,0,0,'商铺日志',24,0.00,0.00,0.00,0.00,0.00),(45,'果食联盟',22,'2019-08-09',0,0.00,0.00,0.00,0,0,'商铺日志',24,0.00,0.00,0.00,0.00,0.00),(46,'汤鲜笙米粉·拉面·拌饭餐厅',23,'2019-08-09',0,0.00,0.00,0.00,0,0,'商铺日志',24,0.00,0.00,0.00,0.00,0.00),(47,'开心麻辣烫',24,'2019-08-09',0,0.00,0.00,0.00,0,0,'商铺日志',24,0.00,0.00,0.00,0.00,0.00),(48,'鸡汰子',25,'2019-08-09',0,0.00,0.00,0.00,0,0,'商铺日志',24,0.00,0.00,0.00,0.00,0.00),(49,'老妈烫饭炒饭养生粥（狼牙土豆上新啦）',26,'2019-08-09',0,0.00,0.00,0.00,0,0,'商铺日志',24,0.00,0.00,0.00,0.00,0.00),(50,'异城汉堡',27,'2019-08-09',0,0.00,0.00,0.00,0,0,'商铺日志',24,0.00,0.00,0.00,0.00,0.00),(51,'社会喵校园餐9.9元',28,'2019-08-09',0,0.00,0.00,0.00,0,0,'商铺日志',24,0.00,0.00,0.00,0.00,0.00),(52,'幸临椒麻鸡(万达店）',29,'2019-08-09',0,0.00,0.00,0.00,0,0,'商铺日志',24,0.00,0.00,0.00,0.00,0.00),(53,'里外baking',30,'2019-08-09',0,0.00,0.00,0.00,0,0,'商铺日志',24,0.00,0.00,0.00,0.00,0.00),(54,'鱼你幸福',31,'2019-08-09',0,0.00,0.00,0.00,0,0,'商铺日志',24,0.00,0.00,0.00,0.00,0.00),(55,'沙县小吃',32,'2019-08-09',0,0.00,0.00,0.00,0,0,'商铺日志',24,0.00,0.00,0.00,0.00,0.00),(56,'泡泡美食',33,'2019-08-09',0,0.00,0.00,0.00,0,0,'商铺日志',24,0.00,0.00,0.00,0.00,0.00),(57,'一抹沙拉',34,'2019-08-09',0,0.00,0.00,0.00,0,0,'商铺日志',24,0.00,0.00,0.00,0.00,0.00),(58,'如意菜饭9.9',35,'2019-08-09',0,0.00,0.00,0.00,0,0,'商铺日志',24,0.00,0.00,0.00,0.00,0.00),(59,'咖喱叔叔（送宿舍，教室）',36,'2019-08-09',0,0.00,0.00,0.00,0,0,'商铺日志',24,0.00,0.00,0.00,0.00,0.00),(60,'云南过桥米线(朝鲜族冷面)',37,'2019-08-09',0,0.00,0.00,0.00,0,0,'商铺日志',24,0.00,0.00,0.00,0.00,0.00),(61,'江子铁板烧',38,'2019-08-09',0,0.00,0.00,0.00,0,0,'商铺日志',24,0.00,0.00,0.00,0.00,0.00),(62,'一家粥铺',39,'2019-08-09',0,0.00,0.00,0.00,0,0,'商铺日志',24,0.00,0.00,0.00,0.00,0.00),(63,'麦嘉基炸鸡汉堡店',40,'2019-08-09',0,0.00,0.00,0.00,0,0,'商铺日志',24,0.00,0.00,0.00,0.00,0.00),(64,'鸭绿江冷面凉皮店',41,'2019-08-09',0,0.00,0.00,0.00,0,0,'商铺日志',24,0.00,0.00,0.00,0.00,0.00),(65,'陆小姐私房蛋糕',42,'2019-08-09',0,0.00,0.00,0.00,0,0,'商铺日志',24,0.00,0.00,0.00,0.00,0.00),(66,'潮宏鸡',43,'2019-08-09',0,0.00,0.00,0.00,0,0,'商铺日志',24,0.00,0.00,0.00,0.00,0.00),(67,'久久农家菜',44,'2019-08-09',0,0.00,0.00,0.00,0,0,'商铺日志',24,0.00,0.00,0.00,0.00,0.00),(68,'小良（9.9炒面，粉丝煲，饺子）',45,'2019-08-09',0,0.00,0.00,0.00,0,0,'商铺日志',24,0.00,0.00,0.00,0.00,0.00),(69,'赞斗烤鸡',46,'2019-08-09',0,0.00,0.00,0.00,0,0,'商铺日志',24,0.00,0.00,0.00,0.00,0.00),(70,'怪兽炒饭',47,'2019-08-09',0,0.00,0.00,0.00,0,0,'商铺日志',24,0.00,0.00,0.00,0.00,0.00),(71,'樱花寿司(同济店)',48,'2019-08-09',0,0.00,0.00,0.00,0,0,'商铺日志',24,0.00,0.00,0.00,0.00,0.00),(72,'茶一巷',49,'2019-08-09',0,0.00,0.00,0.00,0,0,'商铺日志',24,0.00,0.00,0.00,0.00,0.00),(73,'乐而美',50,'2019-08-09',0,0.00,0.00,0.00,0,0,'商铺日志',24,0.00,0.00,0.00,0.00,0.00),(74,'外婆烫饭',51,'2019-08-09',0,0.00,0.00,0.00,0,0,'商铺日志',24,0.00,0.00,0.00,0.00,0.00),(75,'骨头汤菜饭',52,'2019-08-09',0,0.00,0.00,0.00,0,0,'商铺日志',24,0.00,0.00,0.00,0.00,0.00),(76,'青蔬麻辣烫',53,'2019-08-09',0,0.00,0.00,0.00,0,0,'商铺日志',24,0.00,0.00,0.00,0.00,0.00),(77,'飞驰炒饭',54,'2019-08-09',0,0.00,0.00,0.00,0,0,'商铺日志',24,0.00,0.00,0.00,0.00,0.00),(78,'桥头排骨（中港城店)',55,'2019-08-09',0,0.00,0.00,0.00,0,0,'商铺日志',24,0.00,0.00,0.00,0.00,0.00),(79,'陕秦面馆',56,'2019-08-09',0,0.00,0.00,0.00,0,0,'商铺日志',24,0.00,0.00,0.00,0.00,0.00),(80,'板烧厨房',57,'2019-08-09',0,0.00,0.00,0.00,0,0,'商铺日志',24,0.00,0.00,0.00,0.00,0.00),(81,'LK-bakery甜品蛋糕店',58,'2019-08-09',0,0.00,0.00,0.00,0,0,'商铺日志',24,0.00,0.00,0.00,0.00,0.00),(82,'鸡咪鸡咪',59,'2019-08-09',0,0.00,0.00,0.00,0,0,'商铺日志',24,0.00,0.00,0.00,0.00,0.00),(83,'香柠汉堡',60,'2019-08-09',0,0.00,0.00,0.00,0,0,'商铺日志',24,0.00,0.00,0.00,0.00,0.00),(84,'菜饭骨头汤（一号店）',61,'2019-08-09',0,0.00,0.00,0.00,0,0,'商铺日志',24,0.00,0.00,0.00,0.00,0.00),(85,'同济大学浙江学院',24,'2019-08-09',0,0.00,0.00,0.00,0,0,'学校商铺日志',1,0.00,0.00,0.00,0.00,0.00),(86,'',22,'2019-08-09',0,0.00,0.00,0.00,0,0,'学校跑腿日志',1,0.00,0.00,0.00,0.00,0.00),(87,'',23,'2019-08-09',0,0.00,0.00,0.00,0,0,'学校跑腿日志',1,0.00,0.00,0.00,0.00,0.00),(88,'',24,'2019-08-09',0,0.00,0.00,0.00,0,0,'学校跑腿日志',1,0.00,0.00,0.00,0.00,0.00),(89,'麻蜀黍（新店优惠）',1,'2019-08-10',0,0.00,0.00,0.00,0,0,'商铺日志',22,0.00,0.00,0.00,0.00,0.00),(90,'熊猫来2',2,'2019-08-10',0,0.00,0.00,0.00,0,0,'商铺日志',22,0.00,0.00,0.00,0.00,0.00),(91,'十点见（本店装修ing）',3,'2019-08-10',0,0.00,0.00,0.00,0,0,'商铺日志',22,0.00,0.00,0.00,0.00,0.00),(92,'测试学校',22,'2019-08-10',0,0.00,0.00,0.00,0,0,'学校商铺日志',1,0.00,0.00,0.00,0.00,0.00),(93,'椰子校园配送版（用户勿选）',23,'2019-08-10',0,0.00,0.00,0.00,0,0,'学校商铺日志',1,0.00,0.00,0.00,0.00,0.00),(94,'小木村石锅拌饭',4,'2019-08-10',0,0.00,0.00,0.00,0,0,'商铺日志',24,0.00,0.00,0.00,0.00,0.00),(95,'正宗黄焖鸡',5,'2019-08-10',0,0.00,0.00,0.00,0,0,'商铺日志',24,0.00,0.00,0.00,0.00,0.00),(96,'UFO汉堡（送到嘴边）',6,'2019-08-10',0,0.00,0.00,0.00,0,0,'商铺日志',24,0.00,0.00,0.00,0.00,0.00),(97,'乐滋麻辣香锅（领红包下单）',7,'2019-08-10',0,0.00,0.00,0.00,0,0,'商铺日志',24,0.00,0.00,0.00,0.00,0.00),(98,'东北大馅水饺',8,'2019-08-10',0,0.00,0.00,0.00,0,0,'商铺日志',24,0.00,0.00,0.00,0.00,0.00),(99,'杨明宇黄焖鸡米饭',9,'2019-08-10',0,0.00,0.00,0.00,0,0,'商铺日志',24,0.00,0.00,0.00,0.00,0.00),(100,'华仔烤肉拌饭',10,'2019-08-10',0,0.00,0.00,0.00,0,0,'商铺日志',24,0.00,0.00,0.00,0.00,0.00),(101,'厉害了炒饭',11,'2019-08-10',0,0.00,0.00,0.00,0,0,'商铺日志',24,0.00,0.00,0.00,0.00,0.00),(102,'港岛记.香港叉烧饭',12,'2019-08-10',0,0.00,0.00,0.00,0,0,'商铺日志',24,0.00,0.00,0.00,0.00,0.00),(103,'桥头排骨（万达店）',13,'2019-08-10',0,0.00,0.00,0.00,0,0,'商铺日志',24,0.00,0.00,0.00,0.00,0.00),(104,'酱骨大师·姜仔鸡',14,'2019-08-10',0,0.00,0.00,0.00,0,0,'商铺日志',24,0.00,0.00,0.00,0.00,0.00),(105,'小吃美食餐厅（上楼）',15,'2019-08-10',0,0.00,0.00,0.00,0,0,'商铺日志',24,0.00,0.00,0.00,0.00,0.00),(106,'低卡实验室',16,'2019-08-10',0,0.00,0.00,0.00,0,0,'商铺日志',24,0.00,0.00,0.00,0.00,0.00),(107,'老徐炒饭',17,'2019-08-10',0,0.00,0.00,0.00,0,0,'商铺日志',24,0.00,0.00,0.00,0.00,0.00),(108,'福来聚斯(饮品便当焗饭)',18,'2019-08-10',0,0.00,0.00,0.00,0,0,'商铺日志',24,0.00,0.00,0.00,0.00,0.00),(109,'流星雨果吧鸡排～汉堡～披萨～水果茶',19,'2019-08-10',0,0.00,0.00,0.00,0,0,'商铺日志',24,0.00,0.00,0.00,0.00,0.00),(110,'东池便当',20,'2019-08-10',0,0.00,0.00,0.00,0,0,'商铺日志',24,0.00,0.00,0.00,0.00,0.00),(111,'快洁(自选式炒饭)',21,'2019-08-10',0,0.00,0.00,0.00,0,0,'商铺日志',24,0.00,0.00,0.00,0.00,0.00),(112,'果食联盟',22,'2019-08-10',0,0.00,0.00,0.00,0,0,'商铺日志',24,0.00,0.00,0.00,0.00,0.00),(113,'汤鲜笙米粉·拉面·拌饭餐厅',23,'2019-08-10',0,0.00,0.00,0.00,0,0,'商铺日志',24,0.00,0.00,0.00,0.00,0.00),(114,'开心麻辣烫',24,'2019-08-10',0,0.00,0.00,0.00,0,0,'商铺日志',24,0.00,0.00,0.00,0.00,0.00),(115,'鸡汰子',25,'2019-08-10',0,0.00,0.00,0.00,0,0,'商铺日志',24,0.00,0.00,0.00,0.00,0.00),(116,'老妈烫饭炒饭养生粥（狼牙土豆上新啦）',26,'2019-08-10',0,0.00,0.00,0.00,0,0,'商铺日志',24,0.00,0.00,0.00,0.00,0.00),(117,'异城汉堡',27,'2019-08-10',0,0.00,0.00,0.00,0,0,'商铺日志',24,0.00,0.00,0.00,0.00,0.00),(118,'社会喵校园餐9.9元',28,'2019-08-10',0,0.00,0.00,0.00,0,0,'商铺日志',24,0.00,0.00,0.00,0.00,0.00),(119,'幸临椒麻鸡(万达店）',29,'2019-08-10',0,0.00,0.00,0.00,0,0,'商铺日志',24,0.00,0.00,0.00,0.00,0.00),(120,'里外baking',30,'2019-08-10',0,0.00,0.00,0.00,0,0,'商铺日志',24,0.00,0.00,0.00,0.00,0.00),(121,'鱼你幸福',31,'2019-08-10',0,0.00,0.00,0.00,0,0,'商铺日志',24,0.00,0.00,0.00,0.00,0.00),(122,'沙县小吃',32,'2019-08-10',0,0.00,0.00,0.00,0,0,'商铺日志',24,0.00,0.00,0.00,0.00,0.00),(123,'泡泡美食',33,'2019-08-10',0,0.00,0.00,0.00,0,0,'商铺日志',24,0.00,0.00,0.00,0.00,0.00),(124,'一抹沙拉',34,'2019-08-10',0,0.00,0.00,0.00,0,0,'商铺日志',24,0.00,0.00,0.00,0.00,0.00),(125,'如意菜饭9.9',35,'2019-08-10',0,0.00,0.00,0.00,0,0,'商铺日志',24,0.00,0.00,0.00,0.00,0.00),(126,'咖喱叔叔（送宿舍，教室）',36,'2019-08-10',0,0.00,0.00,0.00,0,0,'商铺日志',24,0.00,0.00,0.00,0.00,0.00),(127,'云南过桥米线(朝鲜族冷面)',37,'2019-08-10',0,0.00,0.00,0.00,0,0,'商铺日志',24,0.00,0.00,0.00,0.00,0.00),(128,'江子铁板烧',38,'2019-08-10',0,0.00,0.00,0.00,0,0,'商铺日志',24,0.00,0.00,0.00,0.00,0.00),(129,'一家粥铺',39,'2019-08-10',0,0.00,0.00,0.00,0,0,'商铺日志',24,0.00,0.00,0.00,0.00,0.00),(130,'麦嘉基炸鸡汉堡店',40,'2019-08-10',0,0.00,0.00,0.00,0,0,'商铺日志',24,0.00,0.00,0.00,0.00,0.00),(131,'鸭绿江冷面凉皮店',41,'2019-08-10',0,0.00,0.00,0.00,0,0,'商铺日志',24,0.00,0.00,0.00,0.00,0.00),(132,'陆小姐私房蛋糕',42,'2019-08-10',0,0.00,0.00,0.00,0,0,'商铺日志',24,0.00,0.00,0.00,0.00,0.00),(133,'潮宏鸡',43,'2019-08-10',0,0.00,0.00,0.00,0,0,'商铺日志',24,0.00,0.00,0.00,0.00,0.00),(134,'久久农家菜',44,'2019-08-10',0,0.00,0.00,0.00,0,0,'商铺日志',24,0.00,0.00,0.00,0.00,0.00),(135,'小良（9.9炒面，粉丝煲，饺子）',45,'2019-08-10',0,0.00,0.00,0.00,0,0,'商铺日志',24,0.00,0.00,0.00,0.00,0.00),(136,'赞斗烤鸡',46,'2019-08-10',0,0.00,0.00,0.00,0,0,'商铺日志',24,0.00,0.00,0.00,0.00,0.00),(137,'怪兽炒饭',47,'2019-08-10',0,0.00,0.00,0.00,0,0,'商铺日志',24,0.00,0.00,0.00,0.00,0.00),(138,'樱花寿司(同济店)',48,'2019-08-10',0,0.00,0.00,0.00,0,0,'商铺日志',24,0.00,0.00,0.00,0.00,0.00),(139,'茶一巷',49,'2019-08-10',0,0.00,0.00,0.00,0,0,'商铺日志',24,0.00,0.00,0.00,0.00,0.00),(140,'乐而美',50,'2019-08-10',0,0.00,0.00,0.00,0,0,'商铺日志',24,0.00,0.00,0.00,0.00,0.00),(141,'外婆烫饭',51,'2019-08-10',0,0.00,0.00,0.00,0,0,'商铺日志',24,0.00,0.00,0.00,0.00,0.00),(142,'骨头汤菜饭',52,'2019-08-10',0,0.00,0.00,0.00,0,0,'商铺日志',24,0.00,0.00,0.00,0.00,0.00),(143,'青蔬麻辣烫',53,'2019-08-10',0,0.00,0.00,0.00,0,0,'商铺日志',24,0.00,0.00,0.00,0.00,0.00),(144,'飞驰炒饭',54,'2019-08-10',0,0.00,0.00,0.00,0,0,'商铺日志',24,0.00,0.00,0.00,0.00,0.00),(145,'桥头排骨（中港城店)',55,'2019-08-10',0,0.00,0.00,0.00,0,0,'商铺日志',24,0.00,0.00,0.00,0.00,0.00),(146,'陕秦面馆',56,'2019-08-10',0,0.00,0.00,0.00,0,0,'商铺日志',24,0.00,0.00,0.00,0.00,0.00),(147,'板烧厨房',57,'2019-08-10',0,0.00,0.00,0.00,0,0,'商铺日志',24,0.00,0.00,0.00,0.00,0.00),(148,'LK-bakery甜品蛋糕店',58,'2019-08-10',0,0.00,0.00,0.00,0,0,'商铺日志',24,0.00,0.00,0.00,0.00,0.00),(149,'鸡咪鸡咪',59,'2019-08-10',0,0.00,0.00,0.00,0,0,'商铺日志',24,0.00,0.00,0.00,0.00,0.00),(150,'香柠汉堡',60,'2019-08-10',0,0.00,0.00,0.00,0,0,'商铺日志',24,0.00,0.00,0.00,0.00,0.00),(151,'菜饭骨头汤（一号店）',61,'2019-08-10',0,0.00,0.00,0.00,0,0,'商铺日志',24,0.00,0.00,0.00,0.00,0.00),(152,'同济大学浙江学院',24,'2019-08-10',0,0.00,0.00,0.00,0,0,'学校商铺日志',1,0.00,0.00,0.00,0.00,0.00),(153,'',22,'2019-08-10',0,0.00,0.00,0.00,0,0,'学校跑腿日志',1,0.00,0.00,0.00,0.00,0.00),(154,'',23,'2019-08-10',0,0.00,0.00,0.00,0,0,'学校跑腿日志',1,0.00,0.00,0.00,0.00,0.00),(155,'',24,'2019-08-10',0,0.00,0.00,0.00,0,0,'学校跑腿日志',1,0.00,0.00,0.00,0.00,0.00),(156,'麻蜀黍（新店优惠）',1,'2019-08-11',0,0.00,0.00,0.00,0,0,'商铺日志',22,0.00,0.00,0.00,0.00,0.00),(157,'熊猫来2',2,'2019-08-11',0,0.00,0.00,0.00,0,0,'商铺日志',22,0.00,0.00,0.00,0.00,0.00),(158,'十点见（本店装修ing）',3,'2019-08-11',0,0.00,0.00,0.00,0,0,'商铺日志',22,0.00,0.00,0.00,0.00,0.00),(159,'测试学校',22,'2019-08-11',0,0.00,0.00,0.00,0,0,'学校商铺日志',1,0.00,0.00,0.00,0.00,0.00),(160,'椰子校园配送版（用户勿选）',23,'2019-08-11',0,0.00,0.00,0.00,0,0,'学校商铺日志',1,0.00,0.00,0.00,0.00,0.00),(161,'小木村石锅拌饭',4,'2019-08-11',0,0.00,0.00,0.00,0,0,'商铺日志',24,0.00,0.00,0.00,0.00,0.00),(162,'正宗黄焖鸡',5,'2019-08-11',0,0.00,0.00,0.00,0,0,'商铺日志',24,0.00,0.00,0.00,0.00,0.00),(163,'UFO汉堡（送到嘴边）',6,'2019-08-11',0,0.00,0.00,0.00,0,0,'商铺日志',24,0.00,0.00,0.00,0.00,0.00),(164,'乐滋麻辣香锅（领红包下单）',7,'2019-08-11',0,0.00,0.00,0.00,0,0,'商铺日志',24,0.00,0.00,0.00,0.00,0.00),(165,'东北大馅水饺',8,'2019-08-11',0,0.00,0.00,0.00,0,0,'商铺日志',24,0.00,0.00,0.00,0.00,0.00),(166,'杨明宇黄焖鸡米饭',9,'2019-08-11',0,0.00,0.00,0.00,0,0,'商铺日志',24,0.00,0.00,0.00,0.00,0.00),(167,'华仔烤肉拌饭',10,'2019-08-11',0,0.00,0.00,0.00,0,0,'商铺日志',24,0.00,0.00,0.00,0.00,0.00),(168,'厉害了炒饭',11,'2019-08-11',0,0.00,0.00,0.00,0,0,'商铺日志',24,0.00,0.00,0.00,0.00,0.00),(169,'港岛记.香港叉烧饭',12,'2019-08-11',0,0.00,0.00,0.00,0,0,'商铺日志',24,0.00,0.00,0.00,0.00,0.00),(170,'桥头排骨（万达店）',13,'2019-08-11',0,0.00,0.00,0.00,0,0,'商铺日志',24,0.00,0.00,0.00,0.00,0.00),(171,'酱骨大师·姜仔鸡',14,'2019-08-11',0,0.00,0.00,0.00,0,0,'商铺日志',24,0.00,0.00,0.00,0.00,0.00),(172,'小吃美食餐厅（上楼）',15,'2019-08-11',0,0.00,0.00,0.00,0,0,'商铺日志',24,0.00,0.00,0.00,0.00,0.00),(173,'低卡实验室',16,'2019-08-11',0,0.00,0.00,0.00,0,0,'商铺日志',24,0.00,0.00,0.00,0.00,0.00),(174,'老徐炒饭',17,'2019-08-11',0,0.00,0.00,0.00,0,0,'商铺日志',24,0.00,0.00,0.00,0.00,0.00),(175,'福来聚斯(饮品便当焗饭)',18,'2019-08-11',0,0.00,0.00,0.00,0,0,'商铺日志',24,0.00,0.00,0.00,0.00,0.00),(176,'流星雨果吧鸡排～汉堡～披萨～水果茶',19,'2019-08-11',0,0.00,0.00,0.00,0,0,'商铺日志',24,0.00,0.00,0.00,0.00,0.00),(177,'东池便当',20,'2019-08-11',0,0.00,0.00,0.00,0,0,'商铺日志',24,0.00,0.00,0.00,0.00,0.00),(178,'快洁(自选式炒饭)',21,'2019-08-11',0,0.00,0.00,0.00,0,0,'商铺日志',24,0.00,0.00,0.00,0.00,0.00),(179,'果食联盟',22,'2019-08-11',0,0.00,0.00,0.00,0,0,'商铺日志',24,0.00,0.00,0.00,0.00,0.00),(180,'汤鲜笙米粉·拉面·拌饭餐厅',23,'2019-08-11',0,0.00,0.00,0.00,0,0,'商铺日志',24,0.00,0.00,0.00,0.00,0.00),(181,'开心麻辣烫',24,'2019-08-11',0,0.00,0.00,0.00,0,0,'商铺日志',24,0.00,0.00,0.00,0.00,0.00),(182,'鸡汰子',25,'2019-08-11',0,0.00,0.00,0.00,0,0,'商铺日志',24,0.00,0.00,0.00,0.00,0.00),(183,'老妈烫饭炒饭养生粥（狼牙土豆上新啦）',26,'2019-08-11',0,0.00,0.00,0.00,0,0,'商铺日志',24,0.00,0.00,0.00,0.00,0.00),(184,'异城汉堡',27,'2019-08-11',0,0.00,0.00,0.00,0,0,'商铺日志',24,0.00,0.00,0.00,0.00,0.00),(185,'社会喵校园餐9.9元',28,'2019-08-11',0,0.00,0.00,0.00,0,0,'商铺日志',24,0.00,0.00,0.00,0.00,0.00),(186,'幸临椒麻鸡(万达店）',29,'2019-08-11',0,0.00,0.00,0.00,0,0,'商铺日志',24,0.00,0.00,0.00,0.00,0.00),(187,'里外baking',30,'2019-08-11',0,0.00,0.00,0.00,0,0,'商铺日志',24,0.00,0.00,0.00,0.00,0.00),(188,'鱼你幸福',31,'2019-08-11',0,0.00,0.00,0.00,0,0,'商铺日志',24,0.00,0.00,0.00,0.00,0.00),(189,'沙县小吃',32,'2019-08-11',0,0.00,0.00,0.00,0,0,'商铺日志',24,0.00,0.00,0.00,0.00,0.00),(190,'泡泡美食',33,'2019-08-11',0,0.00,0.00,0.00,0,0,'商铺日志',24,0.00,0.00,0.00,0.00,0.00),(191,'一抹沙拉',34,'2019-08-11',0,0.00,0.00,0.00,0,0,'商铺日志',24,0.00,0.00,0.00,0.00,0.00),(192,'如意菜饭9.9',35,'2019-08-11',0,0.00,0.00,0.00,0,0,'商铺日志',24,0.00,0.00,0.00,0.00,0.00),(193,'咖喱叔叔（送宿舍，教室）',36,'2019-08-11',0,0.00,0.00,0.00,0,0,'商铺日志',24,0.00,0.00,0.00,0.00,0.00),(194,'云南过桥米线(朝鲜族冷面)',37,'2019-08-11',0,0.00,0.00,0.00,0,0,'商铺日志',24,0.00,0.00,0.00,0.00,0.00),(195,'江子铁板烧',38,'2019-08-11',0,0.00,0.00,0.00,0,0,'商铺日志',24,0.00,0.00,0.00,0.00,0.00),(196,'一家粥铺',39,'2019-08-11',0,0.00,0.00,0.00,0,0,'商铺日志',24,0.00,0.00,0.00,0.00,0.00),(197,'麦嘉基炸鸡汉堡店',40,'2019-08-11',0,0.00,0.00,0.00,0,0,'商铺日志',24,0.00,0.00,0.00,0.00,0.00),(198,'鸭绿江冷面凉皮店',41,'2019-08-11',0,0.00,0.00,0.00,0,0,'商铺日志',24,0.00,0.00,0.00,0.00,0.00),(199,'陆小姐私房蛋糕',42,'2019-08-11',0,0.00,0.00,0.00,0,0,'商铺日志',24,0.00,0.00,0.00,0.00,0.00),(200,'潮宏鸡',43,'2019-08-11',0,0.00,0.00,0.00,0,0,'商铺日志',24,0.00,0.00,0.00,0.00,0.00),(201,'久久农家菜',44,'2019-08-11',0,0.00,0.00,0.00,0,0,'商铺日志',24,0.00,0.00,0.00,0.00,0.00),(202,'小良（9.9炒面，粉丝煲，饺子）',45,'2019-08-11',0,0.00,0.00,0.00,0,0,'商铺日志',24,0.00,0.00,0.00,0.00,0.00),(203,'赞斗烤鸡',46,'2019-08-11',0,0.00,0.00,0.00,0,0,'商铺日志',24,0.00,0.00,0.00,0.00,0.00),(204,'怪兽炒饭',47,'2019-08-11',0,0.00,0.00,0.00,0,0,'商铺日志',24,0.00,0.00,0.00,0.00,0.00),(205,'樱花寿司(同济店)',48,'2019-08-11',0,0.00,0.00,0.00,0,0,'商铺日志',24,0.00,0.00,0.00,0.00,0.00),(206,'茶一巷',49,'2019-08-11',0,0.00,0.00,0.00,0,0,'商铺日志',24,0.00,0.00,0.00,0.00,0.00),(207,'乐而美',50,'2019-08-11',0,0.00,0.00,0.00,0,0,'商铺日志',24,0.00,0.00,0.00,0.00,0.00),(208,'外婆烫饭',51,'2019-08-11',0,0.00,0.00,0.00,0,0,'商铺日志',24,0.00,0.00,0.00,0.00,0.00),(209,'骨头汤菜饭',52,'2019-08-11',0,0.00,0.00,0.00,0,0,'商铺日志',24,0.00,0.00,0.00,0.00,0.00),(210,'青蔬麻辣烫',53,'2019-08-11',0,0.00,0.00,0.00,0,0,'商铺日志',24,0.00,0.00,0.00,0.00,0.00),(211,'飞驰炒饭',54,'2019-08-11',0,0.00,0.00,0.00,0,0,'商铺日志',24,0.00,0.00,0.00,0.00,0.00),(212,'桥头排骨（中港城店)',55,'2019-08-11',0,0.00,0.00,0.00,0,0,'商铺日志',24,0.00,0.00,0.00,0.00,0.00),(213,'陕秦面馆',56,'2019-08-11',0,0.00,0.00,0.00,0,0,'商铺日志',24,0.00,0.00,0.00,0.00,0.00),(214,'板烧厨房',57,'2019-08-11',0,0.00,0.00,0.00,0,0,'商铺日志',24,0.00,0.00,0.00,0.00,0.00),(215,'LK-bakery甜品蛋糕店',58,'2019-08-11',0,0.00,0.00,0.00,0,0,'商铺日志',24,0.00,0.00,0.00,0.00,0.00),(216,'鸡咪鸡咪',59,'2019-08-11',0,0.00,0.00,0.00,0,0,'商铺日志',24,0.00,0.00,0.00,0.00,0.00),(217,'香柠汉堡',60,'2019-08-11',0,0.00,0.00,0.00,0,0,'商铺日志',24,0.00,0.00,0.00,0.00,0.00),(218,'菜饭骨头汤（一号店）',61,'2019-08-11',0,0.00,0.00,0.00,0,0,'商铺日志',24,0.00,0.00,0.00,0.00,0.00),(219,'同济大学浙江学院',24,'2019-08-11',0,0.00,0.00,0.00,0,0,'学校商铺日志',1,0.00,0.00,0.00,0.00,0.00),(220,'',22,'2019-08-11',0,0.00,0.00,0.00,0,0,'学校跑腿日志',1,0.00,0.00,0.00,0.00,0.00),(221,'',23,'2019-08-11',0,0.00,0.00,0.00,0,0,'学校跑腿日志',1,0.00,0.00,0.00,0.00,0.00),(222,'',24,'2019-08-11',0,0.00,0.00,0.00,0,0,'学校跑腿日志',1,0.00,0.00,0.00,0.00,0.00);

#
# Structure for table "evaluate"
#

CREATE TABLE `evaluate` (
  `Id` int(11) NOT NULL AUTO_INCREMENT,
  `orderId` varchar(50) NOT NULL DEFAULT '' COMMENT '订单id',
  `content` varchar(1000) NOT NULL DEFAULT '' COMMENT '具体描述',
  `core` int(11) NOT NULL DEFAULT '0' COMMENT '评分',
  `create_time` timestamp NOT NULL DEFAULT CURRENT_TIMESTAMP COMMENT '创建时间',
  `school_id` int(11) NOT NULL DEFAULT '0' COMMENT '学校id',
  `shop_id` int(11) NOT NULL DEFAULT '0' COMMENT '店铺id',
  `is_delete` bit(1) NOT NULL DEFAULT b'0' COMMENT '删除',
  `reply_content` varchar(255) NOT NULL DEFAULT '' COMMENT '回复',
  `reply_time` datetime DEFAULT NULL ON UPDATE CURRENT_TIMESTAMP COMMENT '回复时间',
  PRIMARY KEY (`Id`)
) ENGINE=InnoDB AUTO_INCREMENT=7 DEFAULT CHARSET=utf8 COMMENT='评论';

#
# Data for table "evaluate"
#

INSERT INTO `evaluate` VALUES (1,'201908061446241056164101615','哈哈好用',10,'2019-08-06 17:00:00',22,2,b'0','“我是评论的回复哈哈哈“','2019-08-09 16:43:01'),(2,'201908082227296222241122254','陈顺波发表的评论',10,'2019-08-08 22:30:10',22,2,b'0','','2019-08-09 16:43:02'),(3,'201908082227197387543774586','哈哈',10,'2019-08-08 22:31:05',22,2,b'0','','2019-08-09 16:43:02'),(4,'201908082226592707752521017','塞啊',10,'2019-08-08 22:31:09',22,2,b'0','好的，评论就一次哦，','2019-08-11 10:40:24'),(5,'201908082225525884552557452','好的',10,'2019-08-08 22:32:23',22,2,b'0','请假一天','2019-08-11 10:35:49'),(6,'201908082225435050430654737','好的',10,'2019-08-08 22:32:28',22,2,b'0','Fasdfadfasdfasdgadgasgdadsgadgadsgasdgasdgasdgasdgasdgasdga','2019-08-09 16:43:02');

#
# Structure for table "floor"
#

CREATE TABLE `floor` (
  `Id` int(11) NOT NULL AUTO_INCREMENT,
  `name` varchar(40) NOT NULL DEFAULT '' COMMENT '楼栋名字',
  `school_id` int(11) NOT NULL DEFAULT '0' COMMENT '学校id',
  `sort` bigint(20) NOT NULL DEFAULT '0' COMMENT '排序字段',
  `lat` varchar(20) NOT NULL DEFAULT '' COMMENT '纬度',
  `lng` varchar(20) NOT NULL DEFAULT '' COMMENT '经度',
  `is_delete` int(11) NOT NULL DEFAULT '0' COMMENT '是否删除',
  `able_top` int(11) NOT NULL DEFAULT '0' COMMENT '是否支持上楼',
  PRIMARY KEY (`Id`)
) ENGINE=InnoDB AUTO_INCREMENT=113 DEFAULT CHARSET=utf8 COMMENT='楼栋';

#
# Data for table "floor"
#

INSERT INTO `floor` VALUES (108,'楼栋一（太和殿点位）',22,1564640291000,'39.923651','116.403442',0,0),(109,'楼栋二（太和殿点位）',22,1564640287000,'39.923658','116.403433',0,0),(110,'楼栋三（午门点位）',22,1564640158000,'39.920113','116.403712',0,0),(111,'楼栋四（午门点位）',22,1564640084103,'39.920075','116.403685',0,0);

#
# Structure for table "full_cut"
#

CREATE TABLE `full_cut` (
  `Id` int(11) NOT NULL AUTO_INCREMENT,
  `shop_id` int(11) NOT NULL DEFAULT '0' COMMENT '店铺id',
  `full` int(11) NOT NULL DEFAULT '0' COMMENT '满',
  `cut` int(11) NOT NULL DEFAULT '0' COMMENT '减',
  PRIMARY KEY (`Id`),
  KEY `index` (`shop_id`)
) ENGINE=InnoDB AUTO_INCREMENT=383 DEFAULT CHARSET=utf8 COMMENT='满减列表';

#
# Data for table "full_cut"
#

INSERT INTO `full_cut` VALUES (376,216,5,1),(378,216,10,3),(379,216,20,8),(380,215,5,1),(381,215,10,3),(382,215,20,8);

#
# Structure for table "home_coupon"
#

CREATE TABLE `home_coupon` (
  `id` bigint(20) NOT NULL AUTO_INCREMENT COMMENT '主键id',
  `school_id` bigint(20) NOT NULL COMMENT '学校id',
  `coupon_id` bigint(20) NOT NULL COMMENT '优惠券id',
  `create_time` datetime NOT NULL DEFAULT CURRENT_TIMESTAMP COMMENT '创建时间',
  `create_id` bigint(20) NOT NULL COMMENT '创建人id',
  `begin_time` datetime NOT NULL COMMENT '优惠券开始使用时间',
  `end_time` datetime NOT NULL COMMENT '优惠券发放结束时间',
  `is_delete` int(4) NOT NULL DEFAULT '0' COMMENT '是否删除（1.已删除 0.未删除）',
  PRIMARY KEY (`id`),
  KEY `normal_index_school_id` (`school_id`) USING BTREE
) ENGINE=InnoDB DEFAULT CHARSET=utf8 COMMENT='首页优惠券关联表';

#
# Data for table "home_coupon"
#


#
# Structure for table "icon"
#

CREATE TABLE `icon` (
  `Id` int(11) NOT NULL AUTO_INCREMENT,
  `image` varchar(255) NOT NULL DEFAULT '' COMMENT '图片url',
  `path` varchar(100) NOT NULL DEFAULT '' COMMENT '跳转路径',
  `is_delete` bit(1) NOT NULL DEFAULT b'0' COMMENT '是否删除',
  `school_id` int(11) NOT NULL DEFAULT '0' COMMENT '学校id',
  `create_time` timestamp NOT NULL DEFAULT CURRENT_TIMESTAMP COMMENT '创建时间',
  `name` varchar(50) NOT NULL DEFAULT '' COMMENT '图标名称',
  `sort` bigint(20) NOT NULL DEFAULT '0' COMMENT '排序',
  PRIMARY KEY (`Id`)
) ENGINE=InnoDB DEFAULT CHARSET=utf8 COMMENT='图标';

#
# Data for table "icon"
#


#
# Structure for table "logs"
#

CREATE TABLE `logs` (
  `Id` int(11) NOT NULL AUTO_INCREMENT,
  `create_time` timestamp NOT NULL DEFAULT CURRENT_TIMESTAMP COMMENT '创建时间',
  `msg` varchar(1000) NOT NULL DEFAULT '' COMMENT '信息',
  PRIMARY KEY (`Id`)
) ENGINE=InnoDB AUTO_INCREMENT=7830 DEFAULT CHARSET=utf8 COMMENT='日志记录';

#
# Data for table "logs"
#


#
# Structure for table "mqtt"
#

CREATE TABLE `mqtt` (
  `id` int(11) NOT NULL,
  `enable` bit(1) DEFAULT NULL COMMENT '是否开启',
  `total` decimal(10,4) DEFAULT NULL COMMENT '异常值',
  `per` decimal(4,2) DEFAULT NULL COMMENT '异常数',
  `open` varchar(50) NOT NULL DEFAULT '' COMMENT '异常信息',
  `tx` bit(1) NOT NULL DEFAULT b'0' COMMENT '异常标识',
  `school_id` int(11) NOT NULL DEFAULT '0' COMMENT '异常id',
  PRIMARY KEY (`id`)
) ENGINE=InnoDB DEFAULT CHARSET=utf8 COMMENT='重点人员';

#
# Data for table "mqtt"
#


#
# Structure for table "notice"
#

CREATE TABLE `notice` (
  `Id` int(11) NOT NULL AUTO_INCREMENT,
  `school_id` int(11) NOT NULL DEFAULT '0' COMMENT '学校id',
  `title` varchar(150) NOT NULL DEFAULT '' COMMENT '标题',
  `content` varchar(1000) NOT NULL DEFAULT '' COMMENT '内容',
  `is_delete` int(11) NOT NULL DEFAULT '0' COMMENT '是否删除',
  `create_time` timestamp NOT NULL DEFAULT CURRENT_TIMESTAMP COMMENT '创建时间',
  PRIMARY KEY (`Id`)
) ENGINE=InnoDB AUTO_INCREMENT=65 DEFAULT CHARSET=utf8 COMMENT='公告';

#
# Data for table "notice"
#

INSERT INTO `notice` VALUES (63,22,'全宇宙招纳校园合伙人啦！！！','新版本，新UI，新技术，新功能。欢迎全国有想法的小伙伴来加入我们一起成为合伙人吧！！',0,'2019-08-01 14:10:04'),(64,22,'合伙方式详情请点击中间合伙计划～','合伙计划联系我们哦！',0,'2019-08-01 14:11:08');

#
# Structure for table "order_product"
#

CREATE TABLE `order_product` (
  `Id` int(11) NOT NULL AUTO_INCREMENT,
  `product_name` varchar(40) NOT NULL DEFAULT '' COMMENT '商品名字',
  `product_image` varchar(100) NOT NULL DEFAULT '' COMMENT '商品图片',
  `product_count` int(11) NOT NULL DEFAULT '0' COMMENT '商品数量',
  `product_discount` decimal(10,2) NOT NULL DEFAULT '0.00' COMMENT '折扣',
  `order_id` varchar(50) NOT NULL DEFAULT '' COMMENT '订单号',
  `total_price` decimal(10,2) NOT NULL DEFAULT '0.00' COMMENT '总价',
  `attribute_name` varchar(40) NOT NULL DEFAULT '' COMMENT '规格名',
  `attribute_price` decimal(10,2) NOT NULL DEFAULT '0.00' COMMENT '规格价格',
  `product_id` int(11) NOT NULL DEFAULT '0' COMMENT '商品id',
  PRIMARY KEY (`Id`),
  KEY `order_id` (`order_id`)
) ENGINE=InnoDB AUTO_INCREMENT=33 DEFAULT CHARSET=utf8 COMMENT='订单商品';

#
# Data for table "order_product"
#

INSERT INTO `order_product` VALUES (1,'撒尿牛丸麻辣烫','http://ops.chuyinkeji.cn/2d66661a-1a75-499d-89f8-79c9cb82dbea',1,3.00,'201908061431140040010013104',7.00,'标准',10.00,9108),(2,'可口可乐','http://ops.chuyinkeji.cn/ce0c1a11-d985-4ac3-b413-60061f870c41',1,0.00,'201908061431140040010013104',0.00,'标准',3.00,9110),(3,'撒尿牛丸麻辣烫','http://ops.chuyinkeji.cn/2d66661a-1a75-499d-89f8-79c9cb82dbea',1,3.00,'201908061437489523957986662',7.00,'标准',10.00,9108),(4,'可口可乐','http://ops.chuyinkeji.cn/ce0c1a11-d985-4ac3-b413-60061f870c41',1,0.00,'201908061437489523957986662',0.00,'标准',3.00,9110),(5,'撒尿牛丸麻辣烫','http://ops.chuyinkeji.cn/2d66661a-1a75-499d-89f8-79c9cb82dbea',1,3.00,'201908061446241056164101615',7.00,'标准',10.00,9108),(6,'可口可乐','http://ops.chuyinkeji.cn/ce0c1a11-d985-4ac3-b413-60061f870c41',1,0.00,'201908061446241056164101615',0.00,'标准',3.00,9110),(7,'撒尿牛丸麻辣烫','http://ops.chuyinkeji.cn/2d66661a-1a75-499d-89f8-79c9cb82dbea',1,3.00,'201908061707136385200329399',7.00,'标准',10.00,9108),(8,'可口可乐','http://ops.chuyinkeji.cn/ce0c1a11-d985-4ac3-b413-60061f870c41',1,0.00,'201908061707136385200329399',0.00,'标准',3.00,9110),(9,'撒尿牛丸麻辣烫','http://ops.chuyinkeji.cn/2d66661a-1a75-499d-89f8-79c9cb82dbea',1,3.00,'201908061718417597677171055',7.00,'标准',10.00,9108),(10,'可口可乐','http://ops.chuyinkeji.cn/ce0c1a11-d985-4ac3-b413-60061f870c41',1,0.00,'201908061718417597677171055',0.00,'标准',3.00,9110),(11,'撒尿牛丸麻辣烫','http://ops.chuyinkeji.cn/2d66661a-1a75-499d-89f8-79c9cb82dbea',1,3.00,'201908061821034091046089840',7.00,'标准',10.00,9108),(12,'可口可乐','http://ops.chuyinkeji.cn/ce0c1a11-d985-4ac3-b413-60061f870c41',1,0.00,'201908061821034091046089840',0.00,'标准',3.00,9110),(13,'撒尿牛丸麻辣烫','http://ops.chuyinkeji.cn/2d66661a-1a75-499d-89f8-79c9cb82dbea',1,3.00,'201908061832074986805945412',7.00,'标准',10.00,9108),(14,'可口可乐','http://ops.chuyinkeji.cn/ce0c1a11-d985-4ac3-b413-60061f870c41',1,0.00,'201908061832074986805945412',0.00,'标准',3.00,9110),(15,'撒尿牛丸麻辣烫','http://ops.chuyinkeji.cn/2d66661a-1a75-499d-89f8-79c9cb82dbea',1,3.00,'201908071752584421451157451',7.00,'标准',10.00,9108),(16,'可口可乐','http://ops.chuyinkeji.cn/ce0c1a11-d985-4ac3-b413-60061f870c41',1,0.00,'201908071752584421451157451',0.00,'标准',3.00,9110),(17,'撒尿牛丸麻辣烫','http://ops.chuyinkeji.cn/2d66661a-1a75-499d-89f8-79c9cb82dbea',1,3.00,'201908072124232923253511224',7.00,'标准',10.00,9108),(18,'可口可乐','http://ops.chuyinkeji.cn/ce0c1a11-d985-4ac3-b413-60061f870c41',1,0.00,'201908072124232923253511224',0.00,'标准',3.00,9110),(19,'撒尿牛丸麻辣烫','http://ops.chuyinkeji.cn/2d66661a-1a75-499d-89f8-79c9cb82dbea',1,3.00,'201908082225435050430654737',7.00,'标准',10.00,9108),(20,'可口可乐','http://ops.chuyinkeji.cn/ce0c1a11-d985-4ac3-b413-60061f870c41',1,0.00,'201908082225435050430654737',0.00,'标准',3.00,9110),(21,'撒尿牛丸麻辣烫','http://ops.chuyinkeji.cn/2d66661a-1a75-499d-89f8-79c9cb82dbea',1,3.00,'201908082225525884552557452',7.00,'标准',10.00,9108),(22,'可口可乐','http://ops.chuyinkeji.cn/ce0c1a11-d985-4ac3-b413-60061f870c41',1,0.00,'201908082225525884552557452',0.00,'标准',3.00,9110),(23,'可口可乐','http://ops.chuyinkeji.cn/ce0c1a11-d985-4ac3-b413-60061f870c41',1,0.00,'201908082226592707752521017',0.00,'标准',3.00,9110),(24,'可口可乐','http://ops.chuyinkeji.cn/ce0c1a11-d985-4ac3-b413-60061f870c41',1,0.00,'201908082227197387543774586',0.00,'标准',3.00,9110),(25,'可口可乐','http://ops.chuyinkeji.cn/ce0c1a11-d985-4ac3-b413-60061f870c41',1,0.00,'201908082227296222241122254',0.00,'标准',3.00,9110),(26,'可口可乐','http://ops.chuyinkeji.cn/ce0c1a11-d985-4ac3-b413-60061f870c41',1,0.00,'201908082232468766577776687',0.00,'标准',3.00,9110),(27,'可口可乐','http://ops.chuyinkeji.cn/ce0c1a11-d985-4ac3-b413-60061f870c41',1,0.00,'201908082232573637476755634',0.00,'标准',3.00,9110),(28,'可口可乐','http://ops.chuyinkeji.cn/ce0c1a11-d985-4ac3-b413-60061f870c41',1,0.00,'201908082233055034525265255',0.00,'标准',3.00,9110),(29,'可口可乐','http://ops.chuyinkeji.cn/ce0c1a11-d985-4ac3-b413-60061f870c41',1,0.00,'201908082234043615434244754',0.00,'标准',3.00,9110),(30,'可口可乐','http://ops.chuyinkeji.cn/ce0c1a11-d985-4ac3-b413-60061f870c41',1,0.00,'201908082234137621241554435',0.00,'标准',3.00,9110),(31,'可口可乐','http://ops.chuyinkeji.cn/ce0c1a11-d985-4ac3-b413-60061f870c41',1,0.00,'201908082234230705542356507',0.00,'标准',3.00,9110),(32,'可口可乐','http://ops.chuyinkeji.cn/ce0c1a11-d985-4ac3-b413-60061f870c41',1,0.00,'201908082234316916616547877',0.00,'标准',3.00,9110);

#
# Structure for table "orders"
#

CREATE TABLE `orders` (
  `Id` varchar(50) NOT NULL DEFAULT '' COMMENT '订单',
  `app_id` int(11) NOT NULL DEFAULT '0' COMMENT '主体id',
  `school_id` int(11) NOT NULL DEFAULT '0' COMMENT '学校id',
  `school_top_down_price` decimal(10,2) NOT NULL DEFAULT '0.00' COMMENT '楼上楼下差价',
  `shop_id` int(11) NOT NULL DEFAULT '0' COMMENT '店铺id',
  `shop_name` varchar(50) NOT NULL DEFAULT '' COMMENT '店铺名字',
  `shop_image` varchar(200) NOT NULL DEFAULT '' COMMENT '店铺图片',
  `shop_address` varchar(100) NOT NULL DEFAULT '' COMMENT '店铺地址',
  `shop_phone` varchar(11) NOT NULL DEFAULT '' COMMENT '店铺电话',
  `open_id` varchar(40) NOT NULL DEFAULT '' COMMENT '用户id',
  `address_name` varchar(50) NOT NULL DEFAULT '0' COMMENT '收货人姓名',
  `address_phone` varchar(11) NOT NULL DEFAULT '' COMMENT '收货人手机',
  `address_detail` varchar(150) NOT NULL DEFAULT '' COMMENT '收货人详细地址',
  `floor_id` int(11) NOT NULL DEFAULT '0' COMMENT '楼栋id',
  `typ` varchar(10) NOT NULL DEFAULT '' COMMENT '订单类型',
  `status` varchar(20) NOT NULL DEFAULT '待付款' COMMENT '订单状态',
  `box_price` decimal(5,2) NOT NULL DEFAULT '0.00' COMMENT '餐盒费',
  `send_price` decimal(5,2) NOT NULL DEFAULT '0.00' COMMENT '配送费',
  `send_base_price` decimal(10,2) NOT NULL DEFAULT '0.00' COMMENT '基础配送费',
  `send_add_distance_price` decimal(10,2) NOT NULL DEFAULT '0.00' COMMENT '额外距离配送费',
  `send_add_count_price` decimal(10,2) NOT NULL DEFAULT '0.00' COMMENT '额外件数配送费',
  `product_price` decimal(10,2) NOT NULL DEFAULT '0.00' COMMENT '商品费用',
  `discount_type` varchar(20) DEFAULT '无优惠' COMMENT '优惠类型',
  `discount_price` decimal(10,2) DEFAULT '0.00' COMMENT '优惠价格',
  `coupon_id` bigint(20) DEFAULT '0' COMMENT '用户优惠券主键id',
  `coupon_full_amount` decimal(10,2) DEFAULT '0.00' COMMENT '优惠券满足条件金额',
  `coupon_used_amount` decimal(10,2) DEFAULT '0.00' COMMENT '优惠券减去金额',
  `full_cut_id` bigint(20) DEFAULT '0' COMMENT '店铺满减表id',
  `full_amount` decimal(10,2) DEFAULT '0.00' COMMENT '店铺满减满足条件金额',
  `full_used_amount` decimal(10,2) DEFAULT '0.00' COMMENT '店铺满减减去金额',
  `original_price` decimal(10,2) DEFAULT '0.00' COMMENT '订单原价,菜价+配送费+餐盒费',
  `pay_price` decimal(10,2) NOT NULL DEFAULT '0.00' COMMENT '实际付款',
  `sender_name` varchar(30) DEFAULT NULL COMMENT '配送员名字',
  `sender_phone` varchar(11) DEFAULT NULL COMMENT '配送员手机',
  `sender_id` int(11) DEFAULT '0' COMMENT '配送员id',
  `destination` int(11) DEFAULT '0' COMMENT '是否送达',
  `remark` varchar(255) NOT NULL DEFAULT '' COMMENT '备注',
  `water_number` int(11) DEFAULT '0' COMMENT '订单相对于店铺的流水号',
  `create_time` timestamp NOT NULL DEFAULT CURRENT_TIMESTAMP COMMENT '创建时间',
  `payment` varchar(10) DEFAULT '' COMMENT '支付方式',
  `pay_time` varchar(40) DEFAULT '' COMMENT '支付时间',
  `pay_time_long` bigint(20) DEFAULT NULL COMMENT '支付时间戳',
  `send_get_flag` int(11) NOT NULL DEFAULT '0' COMMENT '配送取得物品标志',
  `end_time` varchar(30) DEFAULT '' COMMENT '送达时间',
  `evaluate_flag` int(11) NOT NULL DEFAULT '0' COMMENT '是否评论',
  `resever_time` varchar(20) DEFAULT NULL COMMENT '预定送达时间',
  `shop_accept_time` varchar(20) NOT NULL DEFAULT '' COMMENT '商家接手时间',
  `pay_food_coupon` decimal(5,2) NOT NULL DEFAULT '0.00' COMMENT '粮票金额',
  `after_discount_price` decimal(5,2) NOT NULL COMMENT '优惠之后的菜价',
  PRIMARY KEY (`Id`),
  KEY `index` (`school_id`,`shop_id`,`floor_id`,`typ`,`status`,`pay_time`,`create_time`,`open_id`,`end_time`),
  KEY `normal_index_open_id` (`open_id`) USING BTREE COMMENT '用户openid索引',
  KEY `normal_index_coupon_id` (`coupon_id`) USING BTREE COMMENT '优惠券id索引',
  KEY `normal_index_full_cut_id` (`full_cut_id`) USING BTREE COMMENT '满减id索引',
  KEY `normal_index_sender_id` (`sender_id`) USING BTREE COMMENT '配送员id索引'
) ENGINE=InnoDB DEFAULT CHARSET=utf8 COMMENT='订单';

#
# Data for table "orders"
#

INSERT INTO `orders` VALUES ('201908061431140040010013104',1,22,1.00,2,'熊猫来2（送到寝）','http://ops.chuyinkeji.cn/ee14b379-fd0b-4a42-be36-9fd6a06a5baa','午门点位','18857818257','oWP5G42cNW2gghAZiqvfOFDQ--0A','陈顺波','18857818257','测试学校,楼栋三（午门点位）,201',110,'外卖订单','已取消',1.00,3.00,2.00,0.00,1.00,13.00,'商品折扣',3.00,0,0.00,0.00,0,0.00,0.00,17.00,8.00,NULL,NULL,0,0,'第一条外卖订单测试微信支付退款',0,'2019-08-06 14:31:14','微信支付','2019-08-06 14:31:18',1565073078652,0,'',0,'15:10','',6.00,14.00),('201908061437489523957986662',1,22,1.00,2,'熊猫来2（送到寝）','http://ops.chuyinkeji.cn/ee14b379-fd0b-4a42-be36-9fd6a06a5baa','午门点位','18857818257','oWP5G42cNW2gghAZiqvfOFDQ--0A','陈顺波','18857818257','测试学校,楼栋三（午门点位）,201',110,'堂食订单','已取消',0.00,0.00,2.00,0.00,0.00,13.00,'商品折扣',3.00,1,10.00,2.00,0,0.00,0.00,13.00,2.00,NULL,NULL,0,0,'堂食订单钱包支付测试退款',0,'2019-08-06 14:37:49','余额支付','2019-08-06 14:37:49',1565073469586,0,'',0,'14:57','',6.00,10.00),('201908061446241056164101615',1,22,1.00,2,'熊猫来2（送到寝）','http://ops.chuyinkeji.cn/ee14b379-fd0b-4a42-be36-9fd6a06a5baa','午门点位','18857818257','oWP5G42cNW2gghAZiqvfOFDQ--0A','陈顺波','18857818257','测试学校,楼栋三（午门点位）,201',110,'外卖订单','已完成',1.00,3.00,2.00,0.00,1.00,13.00,'商品折扣',3.00,2,10.00,2.00,0,0.00,0.00,17.00,6.00,'陈顺波','17671464410',852,1,'外卖订单第三条微信支付',2,'2019-08-06 14:46:24','微信支付','2019-08-06 14:46:28',1565073988476,1,'2019-08-06 15:19:46',1,'15:26','2019-8-06 03:11:25',6.00,14.00),('201908061707136385200329399',1,22,1.00,2,'熊猫来2（送到寝）','http://ops.chuyinkeji.cn/ee14b379-fd0b-4a42-be36-9fd6a06a5baa','午门点位','18857818257','oWP5G42cNW2gghAZiqvfOFDQ--0A','陈顺波','18857818257','测试学校,楼栋三（午门点位）,201',110,'外卖订单','已取消',1.00,3.00,2.00,0.00,1.00,13.00,'商品折扣',3.00,1,10.00,2.00,0,0.00,0.00,17.00,10.00,NULL,NULL,0,0,'无',0,'2019-08-06 17:07:14','余额支付','2019-08-06 17:07:15',1565082435091,0,'',0,'17:46','',2.00,14.00),('201908061718417597677171055',1,22,1.00,2,'熊猫来2（送到寝）','http://ops.chuyinkeji.cn/ee14b379-fd0b-4a42-be36-9fd6a06a5baa','午门点位','18857818257','oWP5G42cNW2gghAZiqvfOFDQ--0A','陈顺波','18857818257','测试学校,楼栋三（午门点位）,201',110,'外卖订单','已完成',1.00,3.00,2.00,0.00,1.00,13.00,'商品折扣',3.00,1,10.00,2.00,0,0.00,0.00,17.00,10.00,'陈顺波','17671464410',852,1,'无',8,'2019-08-06 17:18:42','余额支付','2019-08-06 17:18:42',1565083122897,1,'2019-08-06 17:42:27',0,'17:57','2019-8-06 05:31:51',2.00,14.00),('201908061821034091046089840',1,22,1.00,2,'熊猫来2（送到寝）','http://ops.chuyinkeji.cn/ee14b379-fd0b-4a42-be36-9fd6a06a5baa','午门点位','18857818257','oWP5G42cNW2gghAZiqvfOFDQ--0A','陈顺波','18857818257','测试学校,楼栋三（午门点位）,201',110,'外卖订单','已完成',1.00,3.00,2.00,0.00,1.00,13.00,'商品折扣',3.00,0,0.00,0.00,0,0.00,0.00,17.00,10.00,'陈顺波','17671464410',852,1,'钱包支付专送',2,'2019-08-06 18:21:03','余额支付','2019-08-06 18:21:04',1565086864024,1,'2019-08-06 18:22:17',0,'19:00','2019-8-06 06:21:56',4.00,14.00),('201908061832074986805945412',1,22,1.00,2,'熊猫来2（送到寝）','http://ops.chuyinkeji.cn/ee14b379-fd0b-4a42-be36-9fd6a06a5baa','午门点位','18857818257','oWP5G42cNW2gghAZiqvfOFDQ--0A','陈顺波','18857818257','测试学校,楼栋三（午门点位）,201',110,'外卖订单','已完成',1.00,3.00,2.00,0.00,1.00,13.00,'商品折扣',3.00,3,10.00,2.00,0,0.00,0.00,17.00,12.00,'陈顺波','17671464410',852,0,'无',3,'2019-08-06 18:32:07','微信支付','2019-08-06 18:32:12',1565087532395,1,'2019-08-06 18:38:17',0,'19:06','2019-8-06 06:32:58',0.00,14.00),('201908071752584421451157451',1,22,1.00,2,'熊猫来2（送到寝）','http://ops.chuyinkeji.cn/ee14b379-fd0b-4a42-be36-9fd6a06a5baa','午门点位','18857818257','oWP5G42cNW2gghAZiqvfOFDQ--0A','陈顺波','18857818257','测试学校,楼栋三（午门点位）,201',110,'外卖订单','已取消',1.00,3.00,2.00,0.00,1.00,13.00,'商品折扣',3.00,0,0.00,0.00,0,0.00,0.00,17.00,13.00,'陈顺波','17671464410',852,0,'无',2,'2019-08-07 17:52:58','微信支付','2019-08-07 17:53:02',1565171582929,0,'',0,'18:32','2019-8-07 05:53:57',1.00,14.00),('201908072124232923253511224',1,22,1.00,2,'熊猫来2（送到寝）','http://ops.chuyinkeji.cn/ee14b379-fd0b-4a42-be36-9fd6a06a5baa','午门点位','18857818257','oWP5G42cNW2gghAZiqvfOFDQ--0A','陈顺波','18857818257','测试学校,楼栋三（午门点位）,201',110,'外卖订单','已取消',1.00,3.00,2.00,0.00,1.00,13.00,'商品折扣',3.00,0,0.00,0.00,0,0.00,0.00,17.00,13.00,NULL,NULL,0,0,'无',2,'2019-08-07 21:24:23','微信支付','2019-08-07 21:24:29',1565184269382,0,'',0,'22:04','2019-8-07 09:26:08',1.00,14.00),('201908082225435050430654737',1,22,1.00,2,'熊猫来2（送寝）','http://ops.chuyinkeji.cn/ee14b379-fd0b-4a42-be36-9fd6a06a5baa','午门点位','18857818257','oWP5G42cNW2gghAZiqvfOFDQ--0A','陈顺波','18857818257','测试学校,楼栋三（午门点位）,201',110,'外卖订单','已完成',1.00,3.00,2.00,0.00,1.00,13.00,'商品折扣',3.00,0,0.00,0.00,0,0.00,0.00,17.00,13.00,'陈顺波','17671464410',852,1,'无',1,'2019-08-08 22:25:43','微信支付','2019-08-08 22:25:48',1565274348370,1,'2019-08-08 22:32:03',1,'23:05','2019-8-08 10:31:40',1.00,14.00),('201908082225525884552557452',1,22,1.00,2,'熊猫来2（送寝）','http://ops.chuyinkeji.cn/ee14b379-fd0b-4a42-be36-9fd6a06a5baa','午门点位','18857818257','oWP5G42cNW2gghAZiqvfOFDQ--0A','陈顺波','18857818257','测试学校,楼栋三（午门点位）,201',110,'外卖订单','已完成',1.00,3.00,2.00,0.00,1.00,13.00,'商品折扣',3.00,0,0.00,0.00,0,0.00,0.00,17.00,14.00,'陈顺波','17671464410',852,1,'无',1,'2019-08-08 22:25:52','微信支付','2019-08-08 22:25:56',1565274356783,1,'2019-08-08 22:32:05',1,'23:05','2019-8-08 10:31:32',0.00,14.00),('201908082226592707752521017',1,22,1.00,2,'熊猫来2（送寝）','http://ops.chuyinkeji.cn/ee14b379-fd0b-4a42-be36-9fd6a06a5baa','午门点位','18857818257','oWP5G42cNW2gghAZiqvfOFDQ--0A','陈顺波','18857818257','测试学校,楼栋三（午门点位）,201',110,'外卖订单','已完成',0.00,2.00,2.00,0.00,0.00,3.00,'无优惠',0.00,0,0.00,0.00,0,0.00,0.00,5.00,5.00,'陈顺波','17671464410',852,1,'无',1,'2019-08-08 22:26:59','微信支付','2019-08-08 22:27:03',1565274423363,1,'2019-08-08 22:30:49',1,'23:06','2019-8-08 10:30:43',0.00,5.00),('201908082227197387543774586',1,22,1.00,2,'熊猫来2（送寝）','http://ops.chuyinkeji.cn/ee14b379-fd0b-4a42-be36-9fd6a06a5baa','午门点位','18857818257','oWP5G42cNW2gghAZiqvfOFDQ--0A','陈顺波','18857818257','测试学校,楼栋三（午门点位）,201',110,'外卖订单','已完成',0.00,2.00,2.00,0.00,0.00,3.00,'无优惠',0.00,0,0.00,0.00,0,0.00,0.00,5.00,5.00,'陈顺波','17671464410',852,1,'无',1,'2019-08-08 22:27:19','微信支付','2019-08-08 22:27:24',1565274444278,1,'2019-08-08 22:30:32',1,'23:07','2019-8-08 10:30:22',0.00,5.00),('201908082227296222241122254',1,22,1.00,2,'熊猫来2（送寝）','http://ops.chuyinkeji.cn/ee14b379-fd0b-4a42-be36-9fd6a06a5baa','午门点位','18857818257','oWP5G42cNW2gghAZiqvfOFDQ--0A','陈顺波','18857818257','测试学校,楼栋三（午门点位）,201',110,'外卖订单','已完成',0.00,2.00,2.00,0.00,0.00,3.00,'无优惠',0.00,0,0.00,0.00,0,0.00,0.00,5.00,5.00,'陈顺波','17671464410',852,1,'无',1,'2019-08-08 22:27:29','微信支付','2019-08-08 22:27:33',1565274453904,1,'2019-08-08 22:29:43',1,'23:07','2019-8-08 10:29:29',0.00,5.00),('201908082232468766577776687',1,22,1.00,2,'熊猫来2（送寝）','http://ops.chuyinkeji.cn/ee14b379-fd0b-4a42-be36-9fd6a06a5baa','午门点位','18857818257','oWP5G42cNW2gghAZiqvfOFDQ--0A','陈顺波','18857818257','测试学校,楼栋三（午门点位）,201',110,'外卖订单','待接手',0.00,2.00,2.00,0.00,0.00,3.00,'无优惠',0.00,0,0.00,0.00,0,0.00,0.00,5.00,5.00,NULL,NULL,0,0,'无',0,'2019-08-08 22:32:47','微信支付','2019-08-08 22:32:51',1565274771277,0,'',0,'23:12','',0.00,5.00),('201908082232573637476755634',1,22,1.00,2,'熊猫来2（送寝）','http://ops.chuyinkeji.cn/ee14b379-fd0b-4a42-be36-9fd6a06a5baa','午门点位','18857818257','oWP5G42cNW2gghAZiqvfOFDQ--0A','陈顺波','18857818257','测试学校,楼栋三（午门点位）,201',110,'外卖订单','商家已接手',0.00,2.00,2.00,0.00,0.00,3.00,'无优惠',0.00,0,0.00,0.00,0,0.00,0.00,5.00,5.00,NULL,NULL,0,0,'无',1,'2019-08-08 22:32:57','微信支付','2019-08-08 22:33:01',1565274781218,0,'',0,'23:12','2019-8-08 10:33:32',0.00,5.00),('201908082233055034525265255',1,22,1.00,2,'熊猫来2（送寝）','http://ops.chuyinkeji.cn/ee14b379-fd0b-4a42-be36-9fd6a06a5baa','午门点位','18857818257','oWP5G42cNW2gghAZiqvfOFDQ--0A','陈顺波','18857818257','测试学校,楼栋三（午门点位）,201',110,'外卖订单','已取消',0.00,2.00,2.00,0.00,0.00,3.00,'无优惠',0.00,0,0.00,0.00,0,0.00,0.00,5.00,5.00,NULL,NULL,0,0,'无',1,'2019-08-08 22:33:05','微信支付','2019-08-08 22:33:09',1565274789861,0,'',0,'23:13','2019-8-08 10:33:25',0.00,5.00),('201908082234043615434244754',1,22,1.00,2,'熊猫来2（送寝）','http://ops.chuyinkeji.cn/ee14b379-fd0b-4a42-be36-9fd6a06a5baa','午门点位','18857818257','oWP5G42cNW2gghAZiqvfOFDQ--0A','陈顺波','18857818257','测试学校,楼栋三（午门点位）,201',110,'外卖订单','已取消',0.00,2.00,2.00,0.00,0.00,3.00,'无优惠',0.00,0,0.00,0.00,0,0.00,0.00,5.00,5.00,NULL,NULL,0,0,'无',1,'2019-08-08 22:34:04','微信支付','2019-08-08 22:34:08',1565274848910,0,'',0,'23:14','2019-8-09 09:27:01',0.00,5.00),('201908082234137621241554435',1,22,1.00,2,'熊猫来2（送寝）','http://ops.chuyinkeji.cn/ee14b379-fd0b-4a42-be36-9fd6a06a5baa','午门点位','18857818257','oWP5G42cNW2gghAZiqvfOFDQ--0A','陈顺波','18857818257','测试学校,楼栋三（午门点位）,201',110,'外卖订单','待接手',0.00,2.00,2.00,0.00,0.00,3.00,'无优惠',0.00,0,0.00,0.00,0,0.00,0.00,5.00,5.00,NULL,NULL,0,0,'无',0,'2019-08-08 22:34:13','微信支付','2019-08-08 22:34:17',1565274857699,0,'',0,'23:14','',0.00,5.00),('201908082234230705542356507',1,22,1.00,2,'熊猫来2（送寝）','http://ops.chuyinkeji.cn/ee14b379-fd0b-4a42-be36-9fd6a06a5baa','午门点位','18857818257','oWP5G42cNW2gghAZiqvfOFDQ--0A','陈顺波','18857818257','测试学校,楼栋三（午门点位）,201',110,'外卖订单','待接手',0.00,2.00,2.00,0.00,0.00,3.00,'无优惠',0.00,0,0.00,0.00,0,0.00,0.00,5.00,5.00,NULL,NULL,0,0,'无',0,'2019-08-08 22:34:23','微信支付','2019-08-08 22:34:27',1565274866961,0,'',0,'23:14','',0.00,5.00),('201908082234316916616547877',1,22,1.00,2,'熊猫来2（送寝）','http://ops.chuyinkeji.cn/ee14b379-fd0b-4a42-be36-9fd6a06a5baa','午门点位','18857818257','oWP5G42cNW2gghAZiqvfOFDQ--0A','陈顺波','18857818257','测试学校,楼栋三（午门点位）,201',110,'外卖订单','已取消',0.00,2.00,2.00,0.00,0.00,3.00,'无优惠',0.00,0,0.00,0.00,0,0.00,0.00,5.00,5.00,NULL,NULL,0,0,'无',2,'2019-08-08 22:34:31','微信支付','2019-08-08 22:34:35',1565274875741,0,'',0,'23:14','2019-8-09 11:20:45',0.00,5.00);

#
# Structure for table "orders_complete"
#

CREATE TABLE `orders_complete` (
  `Id` int(11) NOT NULL AUTO_INCREMENT,
  `order_id` varchar(50) NOT NULL DEFAULT '' COMMENT '订单id',
  `app_get_school_rate` decimal(4,3) NOT NULL DEFAULT '0.000' COMMENT '平台抽学校百分比',
  `school_get_shop_rate` decimal(4,3) NOT NULL DEFAULT '0.000' COMMENT '学校抽成店铺百分比',
  `school_get_sender_rate` decimal(4,3) NOT NULL DEFAULT '0.000' COMMENT '学校抽成配送员百分比',
  `app_get_total` decimal(10,2) NOT NULL DEFAULT '0.00' COMMENT '平台所得',
  `school_get_shop` decimal(10,2) NOT NULL DEFAULT '0.00' COMMENT '学校抽成店铺所得',
  `school_get_sender` decimal(10,2) NOT NULL DEFAULT '0.00' COMMENT '学校抽成配送员所得',
  `school_get_total` decimal(10,2) NOT NULL DEFAULT '0.00' COMMENT '学校所得',
  `sender_get_total` decimal(10,2) NOT NULL DEFAULT '0.00' COMMENT '配送员所得',
  `shop_get_total` decimal(10,2) NOT NULL DEFAULT '0.00' COMMENT '店铺所得',
  PRIMARY KEY (`Id`),
  UNIQUE KEY `order_id` (`order_id`)
) ENGINE=InnoDB AUTO_INCREMENT=14 DEFAULT CHARSET=utf8 COMMENT='订单结算';

#
# Data for table "orders_complete"
#

INSERT INTO `orders_complete` VALUES (1,'201908061446241056164101615',0.010,0.100,0.200,0.06,0.90,0.60,-6.76,2.40,10.30),(6,'201908061718417597677171055',0.010,0.100,0.200,0.10,0.90,0.60,-2.80,2.40,10.30),(7,'201908061821034091046089840',0.010,0.100,0.200,0.10,1.10,0.60,-2.40,2.40,9.90),(8,'201908061832074986805945412',0.010,0.100,0.200,0.12,0.90,0.40,-0.02,1.60,10.30),(9,'201908082227296222241122254',0.010,0.100,0.200,0.05,0.30,0.40,0.65,1.60,2.70),(10,'201908082227197387543774586',0.010,0.100,0.200,0.05,0.30,0.40,0.65,1.60,2.70),(11,'201908082226592707752521017',0.010,0.100,0.200,0.05,0.30,0.40,0.65,1.60,2.70),(12,'201908082225435050430654737',0.010,0.100,0.200,0.13,1.10,0.60,0.57,2.40,9.90),(13,'201908082225525884552557452',0.010,0.100,0.200,0.14,1.10,0.60,1.56,2.40,9.90);

#
# Structure for table "product"
#

CREATE TABLE `product` (
  `Id` int(11) NOT NULL AUTO_INCREMENT,
  `product_name` varchar(50) NOT NULL DEFAULT '' COMMENT '商品名字',
  `product_image` varchar(100) NOT NULL DEFAULT '' COMMENT '商品图片',
  `discount` decimal(3,2) NOT NULL DEFAULT '0.00' COMMENT '折扣',
  `box_price_flag` int(11) NOT NULL DEFAULT '0' COMMENT '是否计算餐盒费',
  `product_category_id` int(11) NOT NULL DEFAULT '0' COMMENT '商品分类id',
  `shop_id` int(11) NOT NULL DEFAULT '0' COMMENT '店铺id',
  `school_id` int(11) NOT NULL DEFAULT '0' COMMENT '学校id',
  `sale` int(11) NOT NULL DEFAULT '0' COMMENT '销量',
  `is_show` bit(1) NOT NULL DEFAULT b'0' COMMENT '上下架',
  `is_delete` bit(1) NOT NULL DEFAULT b'0' COMMENT '是否删除',
  `stock` int(11) NOT NULL DEFAULT '0' COMMENT '库存',
  `stock_flag` int(11) NOT NULL DEFAULT '0' COMMENT '是否启动库存标志',
  PRIMARY KEY (`Id`),
  KEY `index` (`shop_id`,`product_category_id`,`is_show`,`is_delete`)
) ENGINE=InnoDB AUTO_INCREMENT=9116 DEFAULT CHARSET=utf8 COMMENT='商品';

#
# Data for table "product"
#

INSERT INTO `product` VALUES (9104,'辣子鸡翅','http://ops.chuyinkeji.cn/efa89a55-746d-4997-837d-888478bef803',0.50,1,1009,3,22,212,b'1',b'0',100,1),(9105,'茄子炒肉','http://ops.chuyinkeji.cn/d3d0bdd7-6584-4f75-b075-e20c5f221410',1.00,0,1010,3,22,109,b'1',b'0',0,0),(9106,'基围虾麻辣香锅','http://ops.chuyinkeji.cn/3532bcae-f447-4e85-bd64-50d10cb851b5',0.80,1,1012,2,22,206,b'1',b'0',5,1),(9107,'五花肉麻辣香锅','http://ops.chuyinkeji.cn/0786f0d5-275b-4f71-8eef-8e1fd6dc4b69',1.00,1,1012,2,22,103,b'1',b'0',0,0),(9108,'撒尿牛丸麻辣烫','http://ops.chuyinkeji.cn/ae769f82-43fe-4934-823e-a79c2bb1b625',0.70,1,1011,2,22,251,b'1',b'0',0,0),(9109,'牛肉麻辣烫','http://ops.chuyinkeji.cn/783ea0aa-2033-4424-84a2-2b1055ce0543',1.00,1,1011,2,22,100,b'1',b'0',12,1),(9110,'可口可乐','http://ops.chuyinkeji.cn/ce0c1a11-d985-4ac3-b413-60061f870c41',1.00,0,1013,2,22,86,b'1',b'0',52,1),(9111,'饺子干捞','http://ops.chuyinkeji.cn/f3f38210-2efe-4715-a278-439f288eb428',1.00,1,1015,1,22,187,b'1',b'0',8,1),(9112,'饺子汤捞','http://ops.chuyinkeji.cn/7127c0c5-a6f7-4a32-bbda-144f9443b83c',1.00,1,1015,1,22,294,b'1',b'0',7,1),(9113,'西红柿鸡蛋面','http://ops.chuyinkeji.cn/684a50bf-c766-4566-b614-e82fe547cfe3',1.00,1,1014,1,22,121,b'1',b'0',0,0),(9114,'ahha','http://ops.chuyinkeji.cn/4ea4fd04-720a-48cd-b7cf-9dd9109f31c1',1.00,1,1011,2,22,11,b'1',b'1',10,1),(9115,'Fasfas','http://ops.chuyinkeji.cn/0b0cafe8-d53b-4410-9658-70f44d3e2361',1.00,0,1011,2,22,0,b'1',b'0',10,0);

#
# Structure for table "product_attribute"
#

CREATE TABLE `product_attribute` (
  `Id` int(11) NOT NULL AUTO_INCREMENT,
  `product_id` int(11) NOT NULL DEFAULT '0' COMMENT '商品id',
  `name` varchar(50) NOT NULL DEFAULT '' COMMENT '规格名字',
  `price` decimal(10,2) NOT NULL DEFAULT '0.00' COMMENT '规格价格',
  `is_delete` int(11) NOT NULL DEFAULT '0' COMMENT '是否删除',
  PRIMARY KEY (`Id`),
  KEY `index` (`product_id`)
) ENGINE=InnoDB AUTO_INCREMENT=18794 DEFAULT CHARSET=utf8 COMMENT='商品属性表';

#
# Data for table "product_attribute"
#

INSERT INTO `product_attribute` VALUES (18774,9104,'标准',10.00,0),(18775,9105,'标准',10.00,0),(18776,9106,'小份',10.00,0),(18777,9106,'大份',20.00,0),(18778,9107,'标准',10.00,0),(18779,9108,'标准',10.00,0),(18781,9109,'小份',10.00,0),(18782,9109,'大份',20.00,0),(18783,9110,'标准',3.00,0),(18784,9111,'小份',10.00,0),(18785,9111,'中份',15.00,0),(18786,9111,'大份',20.00,0),(18787,9112,'小份',10.00,0),(18789,9112,'中份',15.00,0),(18790,9112,'大份',20.00,0),(18791,9113,'标准',10.00,0),(18792,9114,'10',1.00,0),(18793,9115,'Rqwerqwe',10.00,0);

#
# Structure for table "product_category"
#

CREATE TABLE `product_category` (
  `Id` int(11) NOT NULL AUTO_INCREMENT,
  `name` varchar(30) NOT NULL DEFAULT '' COMMENT '分类名字',
  `is_delete` int(11) NOT NULL DEFAULT '0' COMMENT '是否删除',
  `shop_id` int(11) NOT NULL DEFAULT '0' COMMENT '店铺id',
  `sort` bigint(20) NOT NULL DEFAULT '0' COMMENT '排序字段',
  PRIMARY KEY (`Id`)
) ENGINE=InnoDB AUTO_INCREMENT=1016 DEFAULT CHARSET=utf8 COMMENT='商品分类';

#
# Data for table "product_category"
#

INSERT INTO `product_category` VALUES (1009,'荤菜',0,217,1564643741831),(1010,'素菜',0,217,1564643746706),(1011,'麻辣烫',0,2,1564644173000),(1012,'麻辣香锅',0,2,1564644171000),(1013,'饮料',0,2,1564644125181),(1014,'面类',0,215,1564644548310),(1015,'饺子',0,215,1564644552385);

#
# Structure for table "rich_text"
#

CREATE TABLE `rich_text` (
  `Id` int(11) NOT NULL AUTO_INCREMENT,
  `parent_id` int(11) NOT NULL DEFAULT '0' COMMENT '父id',
  `text` text NOT NULL,
  `typ` int(11) NOT NULL DEFAULT '0' COMMENT '类型',
  PRIMARY KEY (`Id`)
) ENGINE=InnoDB AUTO_INCREMENT=6 DEFAULT CHARSET=utf8;

#
# Data for table "rich_text"
#

INSERT INTO `rich_text` VALUES (5,22,'<p style=\"text-align: center; \"><span style=\"font-size: 24px;\">大促活动</span></p><p style=\"text-align: right;\"><span style=\"font-size: 12px; color: rgb(156, 156, 148);\">双12钜惠特促&nbsp; 2019.08.01</span></p><p style=\"text-align: right;\"><span style=\"font-size: 12px; color: rgb(156, 156, 148);\"><br></span></p><p style=\"text-align: left;\"><img src=\"http://ops.chuyinkeji.cn/3b049b11-c64f-4bc9-bc91-92e893a74b47\" style=\"text-align: center; font-family: -apple-system, BlinkMacSystemFont, &quot;Segoe UI&quot;, Roboto, &quot;Helvetica Neue&quot;, Arial, &quot;Noto Sans&quot;, sans-serif, &quot;Apple Color Emoji&quot;, &quot;Segoe UI Emoji&quot;, &quot;Segoe UI Symbol&quot;, &quot;Noto Color Emoji&quot;; font-size: 1rem; width: 100%;\"></p><p style=\"text-align: center; \"><br></p><p style=\"text-align: left;\"><span style=\"font-weight: bold; color: rgb(231, 148, 57);\">1 双12特惠</span></p><p style=\"text-align: left;\"><span style=\"font-family: -apple-system, BlinkMacSystemFont, &quot;Segoe UI&quot;, Roboto, &quot;Helvetica Neue&quot;, Arial, &quot;Noto Sans&quot;, sans-serif, &quot;Apple Color Emoji&quot;, &quot;Segoe UI Emoji&quot;, &quot;Segoe UI Symbol&quot;, &quot;Noto Color Emoji&quot;; font-size: 1rem;\">是啊四川把上次巴萨是擦丝蚕丝女潮速度事发时和十分十分使盎司还是人蔬菜榜神啊哈是否能释放是否呢份还是不去呢寒风淑女氛围还是还是带你飞武汉是那份盒饭</span></p><p style=\"text-align: left;\"><span style=\"font-family: -apple-system, BlinkMacSystemFont, &quot;Segoe UI&quot;, Roboto, &quot;Helvetica Neue&quot;, Arial, &quot;Noto Sans&quot;, sans-serif, &quot;Apple Color Emoji&quot;, &quot;Segoe UI Emoji&quot;, &quot;Segoe UI Symbol&quot;, &quot;Noto Color Emoji&quot;; font-size: 1rem;\"><br></span></p><p style=\"text-align: left;\"><b style=\"font-family: -apple-system, BlinkMacSystemFont, &quot;Segoe UI&quot;, Roboto, &quot;Helvetica Neue&quot;, Arial, &quot;Noto Sans&quot;, sans-serif, &quot;Apple Color Emoji&quot;, &quot;Segoe UI Emoji&quot;, &quot;Segoe UI Symbol&quot;, &quot;Noto Color Emoji&quot;; font-size: 1rem; color: rgb(231, 148, 57);\">2 我是真的好啊</b></p><p style=\"text-align: left;\">是啊四川把上次巴萨是擦丝蚕丝女潮速度和是的是啊四川把上次巴萨是擦丝蚕丝女潮速度和是的是<br></p>',0);

#
# Structure for table "run_orders"
#

CREATE TABLE `run_orders` (
  `Id` varchar(50) NOT NULL DEFAULT '' COMMENT '订单号',
  `app_id` int(11) NOT NULL DEFAULT '0' COMMENT '主体id',
  `address_name` varchar(50) NOT NULL DEFAULT '0' COMMENT '收货人姓名',
  `address_phone` varchar(11) NOT NULL DEFAULT '' COMMENT '收货人手机',
  `address_detail` varchar(150) NOT NULL DEFAULT '' COMMENT '收货人详细地址',
  `school_id` int(11) NOT NULL DEFAULT '0' COMMENT '学校id',
  `open_id` varchar(40) NOT NULL DEFAULT '' COMMENT '用户id',
  `total_price` decimal(5,2) NOT NULL DEFAULT '0.00' COMMENT '总金额',
  `create_time` varchar(30) NOT NULL DEFAULT '' COMMENT '创建时间',
  `remark` varchar(255) NOT NULL DEFAULT '' COMMENT '备注',
  `content` varchar(255) NOT NULL DEFAULT '' COMMENT '内容',
  `reserve_time` varchar(30) NOT NULL DEFAULT '' COMMENT '预定时间',
  `floor_id` int(11) NOT NULL DEFAULT '0' COMMENT '楼栋id',
  `sender_name` varchar(30) DEFAULT NULL COMMENT '配送员名字',
  `sender_phone` varchar(11) DEFAULT NULL COMMENT '配送员手机',
  `sender_id` int(11) DEFAULT '0' COMMENT '配送员id',
  `typ` varchar(10) NOT NULL DEFAULT '跑腿订单' COMMENT '订单类型',
  `status` varchar(20) NOT NULL DEFAULT '待付款' COMMENT '订单状态',
  `payment` varchar(10) DEFAULT '' COMMENT '支付方式',
  `evaluate_flag` int(11) NOT NULL DEFAULT '0' COMMENT '是否评论',
  `pay_time` varchar(40) DEFAULT '' COMMENT '支付时间',
  `pay_time_long` bigint(20) DEFAULT NULL COMMENT '支付时间戳',
  PRIMARY KEY (`Id`),
  KEY `normal_index_open_id` (`open_id`) USING BTREE
) ENGINE=InnoDB DEFAULT CHARSET=utf8 COMMENT='跑腿订单';

#
# Data for table "run_orders"
#

INSERT INTO `run_orders` VALUES ('201908061421393914463640359',1,'陈顺波','18857818257','测试学校,楼栋三（午门点位）,201',22,'oWP5G42cNW2gghAZiqvfOFDQ--0A',2.00,'2019-08-06 14:21:39','8.6第一条跑腿微信支付','8.6第一条跑腿微信支付','14:50',110,NULL,NULL,0,'跑腿订单','已取消','微信支付',0,'2019-08-06 14:21:43',1565072503774),('201908061422104001354350500',1,'陈顺波','18857818257','测试学校,楼栋三（午门点位）,201',22,'oWP5G42cNW2gghAZiqvfOFDQ--0A',2.00,'2019-08-06 14:22:10','8.6号第二条钱包支付','过','14:51',110,NULL,NULL,0,'跑腿订单','已取消','余额支付',0,'2019-08-06 14:22:10',1565072530700),('201908061423191981515265995',1,'陈顺波','18857818257','测试学校,楼栋三（午门点位）,201',22,'oWP5G42cNW2gghAZiqvfOFDQ--0A',2.00,'2019-08-06 14:23:19','8.6号第三条微信支付','8.6号第三条微信支付','14:52',110,'陈顺波','17671464410',852,'跑腿订单','已完成','微信支付',0,'2019-08-06 14:23:23',1565072603508),('201908061423481700761216200',1,'陈顺波','18857818257','测试学校,楼栋三（午门点位）,201',22,'oWP5G42cNW2gghAZiqvfOFDQ--0A',2.00,'2019-08-06 14:23:48','8.6号第四条钱包支付','我','14:53',110,'陈顺波','17671464410',852,'跑腿订单','已完成','余额支付',0,'2019-08-06 14:23:48',1565072628417),('201908061424178205077568560',1,'陈顺波','18857818257','测试学校,楼栋三（午门点位）,201',22,'oWP5G42cNW2gghAZiqvfOFDQ--0A',2.00,'2019-08-06 14:24:17','我','我','14:54',110,NULL,NULL,0,'跑腿订单','已取消','',0,'',NULL),('201908061710226356582653803',1,'陈顺波','18857818257','测试学校,楼栋三（午门点位）,201',22,'oWP5G42cNW2gghAZiqvfOFDQ--0A',2.00,'2019-08-06 17:10:22','钱包支付退款','我','17:40',110,NULL,NULL,0,'跑腿订单','已取消','余额支付',0,'2019-08-06 17:10:22',1565082622944),('201908061818504638105586606',1,'陈顺波','18857818257','测试学校,楼栋三（午门点位）,201',22,'oWP5G42cNW2gghAZiqvfOFDQ--0A',2.00,'2019-08-06 18:18:50','微信支付','微','18:48',110,'陈顺波','17671464410',852,'跑腿订单','已完成','微信支付',0,'2019-08-06 18:18:55',1565086735378),('201908061819069511845070616',1,'陈顺波','18857818257','测试学校,楼栋三（午门点位）,201',22,'oWP5G42cNW2gghAZiqvfOFDQ--0A',2.00,'2019-08-06 18:19:06','代取快递小件','钱包支付：我','18:48',110,'陈顺波','17671464410',852,'跑腿订单','已完成','余额支付',0,'2019-08-06 18:19:07',1565086747260);

#
# Structure for table "school"
#

CREATE TABLE `school` (
  `Id` int(11) NOT NULL AUTO_INCREMENT,
  `app_id` int(11) NOT NULL DEFAULT '0' COMMENT '主体id',
  `name` varchar(50) NOT NULL DEFAULT '火星大学' COMMENT '学校名字',
  `login_name` varchar(30) NOT NULL DEFAULT '' COMMENT '后台登录账号',
  `login_pass_word` varchar(255) NOT NULL DEFAULT '' COMMENT '后台登录密码',
  `rate` decimal(5,4) NOT NULL DEFAULT '0.0060' COMMENT '抽成',
  `money` decimal(10,4) NOT NULL DEFAULT '0.0000' COMMENT '学校可提现余额',
  `sort` bigint(20) DEFAULT '0' COMMENT '排序字段',
  `sender_money` decimal(10,4) NOT NULL DEFAULT '0.0000' COMMENT '配送员可提现余额',
  `send_max_distance` int(11) NOT NULL DEFAULT '0' COMMENT '免费配送距离',
  `send_per_out` int(11) NOT NULL DEFAULT '0' COMMENT '每超出多少米',
  `send_per_money` decimal(4,2) NOT NULL DEFAULT '0.00' COMMENT '每超出单位距离增加配送费',
  `wx_app_id` varchar(18) NOT NULL DEFAULT '' COMMENT '对应appid',
  `wx_secret` varchar(32) NOT NULL DEFAULT '' COMMENT '微信密钥',
  `mch_id` varchar(20) NOT NULL DEFAULT '' COMMENT '商户号',
  `wx_pay_id` varchar(32) NOT NULL DEFAULT '' COMMENT '微信支付密钥',
  `cert_path` varchar(255) NOT NULL DEFAULT '' COMMENT '微信证书存储路径',
  `top_down` decimal(4,2) NOT NULL DEFAULT '0.00' COMMENT '楼上楼下差价',
  `is_delete` bit(1) NOT NULL DEFAULT b'0' COMMENT '是否删除',
  `create_time` timestamp NOT NULL DEFAULT CURRENT_TIMESTAMP COMMENT '创建时间',
  `enable_takeout` int(11) NOT NULL DEFAULT '0' COMMENT '是否开启外卖模式',
  `enable_coupon` int(4) NOT NULL DEFAULT '0' COMMENT '首页是否开启发放优惠券功能（0关闭，1开启）',
  `phone` varchar(11) NOT NULL DEFAULT '' COMMENT '手机号码',
  `sender_all_tx` decimal(10,2) NOT NULL DEFAULT '0.00' COMMENT '配送员累计提现',
  `user_charge` decimal(10,2) NOT NULL DEFAULT '0.00' COMMENT '用户累计充值',
  `user_bell_all` decimal(10,2) NOT NULL DEFAULT '0.00' COMMENT '钱包剩余',
  `user_charge_send` decimal(10,2) NOT NULL DEFAULT '0.00' COMMENT '该校剩余粮票额度',
  `page_layout` tinyint(3) NOT NULL DEFAULT '1' COMMENT '布局方式',
  `small_min_amount` decimal(5,2) NOT NULL DEFAULT '2.00' COMMENT '小件最低金额',
  `middle_min_amount` decimal(5,2) NOT NULL DEFAULT '3.00' COMMENT '中件最低金额',
  `large_min_amount` decimal(5,2) NOT NULL DEFAULT '5.00' COMMENT '大件最低金额',
  `extra_large_min_amount` decimal(5,2) NOT NULL DEFAULT '7.00' COMMENT '超大件最低金额',
  PRIMARY KEY (`Id`)
) ENGINE=InnoDB AUTO_INCREMENT=25 DEFAULT CHARSET=utf8 COMMENT='学校';

#
# Data for table "school"
#

INSERT INTO `school` VALUES (22,1,'测试学校','测试学校','b01USXpNVEl6cA==',0.0100,50.5200,1564631813807,9.6000,100,100,1.00,'wx0c193b30f0f8ac93','ac9f6f2c3c36abc883601ff35bb613aa','1518586231','csb18857818257332522199510208595','/home/cert/ad97b9f6-6b88-4b50-ad7e-ca56f140d130.p12',1.00,b'0','2019-08-01 11:57:38',1,0,'18857818257',7.20,20.00,8.00,0.00,2,2.00,3.00,5.00,7.00),(23,1,'椰子校园配送版（用户勿选）','椰子校园配送版（用户勿选）','b01USXpNVEl6cA==',0.0100,0.0000,1564660557036,0.0000,100,100,1.00,'wxcd8d8750ddbc5ce4','f0c66cbc57b7bf8c6f2bbe025e600fc6','1518586231','csb18857818257332522199510208595','/home/cert/cf85ddc1-34ad-4247-bb71-8e25f54e9067.p12',1.00,b'0','2019-08-01 19:56:41',1,0,'18857818257',0.00,0.00,0.00,0.00,1,2.00,3.00,5.00,7.00),(24,1,'同济大学浙江学院','同济大学浙江学院','b01USXpNVEl6cA==',0.0060,0.0000,1565334170061,0.0000,100,100,1.00,'wx0c193b30f0f8ac93','ac9f6f2c3c36abc883601ff35bb613aa','1518586231','csb18857818257332522199510208595','/home/cert/14c6d08f-1ad5-46f4-87e0-6f396ca511e0.p12',1.00,b'0','2019-08-09 15:02:50',1,0,'15024307669',0.00,0.00,0.00,0.00,1,2.00,3.00,5.00,7.00);

#
# Structure for table "second_hand"
#

CREATE TABLE `second_hand` (
  `Id` int(11) NOT NULL AUTO_INCREMENT,
  `title` varchar(150) NOT NULL DEFAULT '' COMMENT '标题',
  `nick_name` varchar(30) CHARACTER SET utf8mb4 NOT NULL DEFAULT '' COMMENT '微信昵称',
  `avatar_url` varchar(255) NOT NULL DEFAULT '' COMMENT '微信头像',
  `open_id` varchar(40) NOT NULL DEFAULT '' COMMENT '用户id',
  `content` varchar(255) NOT NULL DEFAULT '' COMMENT '内容',
  `is_show` int(11) NOT NULL DEFAULT '0' COMMENT '上下架',
  `is_delete` int(11) NOT NULL DEFAULT '0' COMMENT '是否删除',
  `price` decimal(10,2) NOT NULL DEFAULT '0.00' COMMENT '规格价格',
  `text` text NOT NULL COMMENT '图文详情',
  `wx_number` varchar(30) NOT NULL DEFAULT '' COMMENT '微信号',
  `phone` varchar(11) NOT NULL DEFAULT '' COMMENT '联系方式',
  `category` varchar(20) NOT NULL DEFAULT '' COMMENT '分类名字',
  `school_id` int(11) NOT NULL DEFAULT '0' COMMENT '学校id',
  `image` varchar(1000) NOT NULL DEFAULT '' COMMENT '轮播图',
  `create_time` timestamp NOT NULL DEFAULT CURRENT_TIMESTAMP COMMENT '创建时间',
  `school_name` varchar(50) NOT NULL DEFAULT '' COMMENT '学校名称',
  PRIMARY KEY (`Id`),
  KEY `uindex` (`is_show`,`is_delete`,`school_id`)
) ENGINE=InnoDB AUTO_INCREMENT=226 DEFAULT CHARSET=utf8 COMMENT='二手';

#
# Data for table "second_hand"
#

INSERT INTO `second_hand` VALUES (222,'ipad-pro 12寸带键盘，可小刀','','https://wx.qlogo.cn/mmopen/vi_32/DYAIOgq83epIMwPE6FwsicV9d0FtxZDgPVIcoRkewEaqCrT8ePJ5w5RO8C6N5kj53ibDGQNajaPXbhkP1wgYXV3w/132','oWP5G42cNW2gghAZiqvfOFDQ--0A','19年3月入手的，99新。可小刀，可以来我寝室试用，非诚勿扰。',1,0,4999.00,'一号楼201','MrChenShunBo','18857818257','数码配件',22,'http://ops.chuyinkeji.cn/e3f9370a-b275-4c21-96fd-65e06a833b56,http://ops.chuyinkeji.cn/ae33ed13-a74b-44e2-9ce0-29851ad0c78e','2019-08-01 14:40:53','测试学校'),(223,'555655','！！！','https://wx.qlogo.cn/mmopen/vi_32/K9zGuolPiapRNOGb74A90poynrmadFAoIhcO1HOV3xSeRVq7nZdibwShIDib4KneIhlWPibY2a7ficeqzkQ8WbVl50g/132','oWP5G4--KeEUtiuRWZLB_Y6n5qIQ','86435488494',1,0,100.00,'5554664','Mm131996','15024307669','数码配件',22,'http://ops.chuyinkeji.cn/f8355cd6-cbf6-41c6-a84f-96427ac3889f','2019-08-03 14:13:24','测试学校'),(224,'我测试','','https://wx.qlogo.cn/mmopen/vi_32/DYAIOgq83epIMwPE6FwsicV9d0FtxZDgPVIcoRkewEaqCrT8ePJ5w5RO8C6N5kj53ibDGQNajaPXbhkP1wgYXV3w/132','oWP5G42cNW2gghAZiqvfOFDQ--0A','我',1,0,10.00,'Wq','Hhhn','18857818257','数码配件',22,'http://ops.chuyinkeji.cn/6222712c-5cd8-4bf0-90b2-669e620a5df0,http://ops.chuyinkeji.cn/c1afddf4-ab64-4554-a04d-c09d63b681be,http://ops.chuyinkeji.cn/5c8e2a6d-12a4-41b4-8bdc-9182361753a0','2019-08-09 17:27:05','测试学校'),(225,'Ces','','https://wx.qlogo.cn/mmopen/vi_32/DYAIOgq83epIMwPE6FwsicV9d0FtxZDgPVIcoRkewEaqCrT8ePJ5w5RO8C6N5kj53ibDGQNajaPXbhkP1wgYXV3w/132','oWP5G42cNW2gghAZiqvfOFDQ--0A','Ces',1,0,10.00,'Q','Q','18857818257','复习资料',22,'http://ops.chuyinkeji.cn/6dc157fc-5c19-459c-b39f-1a51a5a9434c,http://ops.chuyinkeji.cn/a60ef90b-70a1-4f10-b9e8-42f52fd7c7a3,http://ops.chuyinkeji.cn/391609fb-53c7-4670-918f-03052aac1e3a,http://ops.chuyinkeji.cn/f58b80ff-8781-4fa9-8992-48bd93940d93','2019-08-09 17:57:33','测试学校');

#
# Structure for table "sender"
#

CREATE TABLE `sender` (
  `Id` int(11) NOT NULL AUTO_INCREMENT,
  `open_id` varchar(50) NOT NULL DEFAULT '' COMMENT '用户id',
  `name` varchar(20) NOT NULL DEFAULT '' COMMENT '真实姓名',
  `phone` varchar(11) NOT NULL DEFAULT '' COMMENT '联系电话',
  `class_no` varchar(30) NOT NULL DEFAULT '' COMMENT '学号',
  `exam` varchar(20) NOT NULL DEFAULT '待审核' COMMENT '审核状态',
  `rate` decimal(5,4) NOT NULL DEFAULT '0.0000' COMMENT '抽成',
  `takeout_flag` int(11) NOT NULL DEFAULT '0' COMMENT '外卖标志',
  `run_flag` int(11) NOT NULL DEFAULT '0' COMMENT '跑腿标志',
  `shop_ids` varchar(300) NOT NULL DEFAULT '' COMMENT '负责的店铺',
  `floor_ids` varchar(300) NOT NULL DEFAULT '' COMMENT '负责的楼栋',
  `school_id` int(11) NOT NULL DEFAULT '0' COMMENT '学校id',
  PRIMARY KEY (`Id`),
  KEY `normal_index_open_id` (`open_id`) USING BTREE COMMENT '配送员openid索引'
) ENGINE=InnoDB AUTO_INCREMENT=853 DEFAULT CHARSET=utf8 COMMENT='配送员';

#
# Data for table "sender"
#

INSERT INTO `sender` VALUES (848,'ofGBW41dfqC1i5Hnl98OQX3MRdEQ','范承志','17379711090','8603','审核通过',0.5000,1,1,'216','108',22),(849,'ofGBW44GFrc7KDY0gWHKfWFOkAh8','季捷迪','18758582499','123123','审核通过',0.5000,1,1,'216','110',22),(851,'ofGBW495JxMLupm_jOvpbpu1N9yA','梅建平','15024307669','5646466','审核通过',0.5000,1,1,'215,216,217','108,109,110,111',22),(852,'ofGBW4xm6zksIVwIwFoDuyUDbe_0','陈顺波','17671464410','007','审核通过',0.2000,1,1,'215,216,217','108,109,110,111',22);

#
# Structure for table "shop"
#

CREATE TABLE `shop` (
  `Id` int(11) NOT NULL AUTO_INCREMENT,
  `school_id` int(11) NOT NULL DEFAULT '0' COMMENT '学校id',
  `shop_name` varchar(40) NOT NULL DEFAULT '' COMMENT '店铺名字',
  `shop_phone` varchar(11) NOT NULL DEFAULT '0' COMMENT '店铺手机',
  `shop_image` varchar(100) NOT NULL DEFAULT '' COMMENT '店铺图片',
  `shop_category_id` int(11) NOT NULL DEFAULT '0' COMMENT '店铺分类id',
  `open_flag` int(3) NOT NULL DEFAULT '0' COMMENT '店铺营业状态',
  `send_model_flag` int(11) NOT NULL DEFAULT '0' COMMENT '配送模式',
  `get_model_flag` int(11) NOT NULL DEFAULT '0' COMMENT '自取模式',
  `score` int(11) NOT NULL DEFAULT '0' COMMENT '评分',
  `start_price` decimal(5,2) NOT NULL DEFAULT '0.00' COMMENT '起送价格',
  `box_price` decimal(5,2) NOT NULL DEFAULT '0.00' COMMENT '餐盒费',
  `send_price` decimal(5,2) NOT NULL DEFAULT '0.00' COMMENT '配送费',
  `send_time` varchar(20) NOT NULL DEFAULT '40分钟' COMMENT '平均配送时间',
  `top_title` varchar(200) NOT NULL DEFAULT '' COMMENT '店铺公告',
  `shop_login_name` varchar(40) NOT NULL DEFAULT '' COMMENT '店铺登录账号',
  `shop_login_pass_word` varchar(40) NOT NULL DEFAULT '' COMMENT '登录密码',
  `shop_address` varchar(200) NOT NULL DEFAULT '' COMMENT '店铺地址',
  `rate` decimal(5,4) NOT NULL DEFAULT '0.0000' COMMENT '对店铺的抽成',
  `lat` varchar(20) NOT NULL DEFAULT '' COMMENT '纬度',
  `lng` varchar(20) NOT NULL DEFAULT '' COMMENT '经度',
  `vip_discount_flag` int(11) NOT NULL DEFAULT '0' COMMENT '是否开启会员折扣',
  `send_price_add_by_count_flag` int(11) NOT NULL DEFAULT '0' COMMENT '是否按物品件数增加配送费',
  `send_price_add` decimal(4,2) NOT NULL DEFAULT '0.00' COMMENT '每增加一件物品增加配送费',
  `is_delete` int(11) NOT NULL DEFAULT '0' COMMENT '是否删除',
  `sort` bigint(20) NOT NULL DEFAULT '0' COMMENT '排序字段',
  `ts_model_flag` bit(1) NOT NULL DEFAULT b'0' COMMENT '堂食模式标志',
  `full_minus_rate` decimal(3,2) NOT NULL DEFAULT '1.00' COMMENT '满减承担比例',
  `coupon_rate` decimal(3,2) NOT NULL DEFAULT '1.00' COMMENT '优惠券承担比例',
  `discount_rate` decimal(3,2) NOT NULL DEFAULT '1.00' COMMENT '折扣承担比例',
  `shop_tx_flag` bit(1) DEFAULT b'0' COMMENT '店铺提现标志',
  `tx_amount` decimal(10,2) NOT NULL DEFAULT '0.00' COMMENT '余额',
  `all_tx_amount` decimal(10,2) NOT NULL DEFAULT '0.00' COMMENT '累计提现',
  `shop_code_image` varchar(100) DEFAULT NULL COMMENT '店铺二维码图片',
  PRIMARY KEY (`Id`)
) ENGINE=InnoDB AUTO_INCREMENT=62 DEFAULT CHARSET=utf8 COMMENT='店铺';

#
# Data for table "shop"
#

INSERT INTO `shop` VALUES (1,22,'麻蜀黍（新店优惠）','18857818257','http://ops.chuyinkeji.cn/a74d4495-1aa8-441d-be58-ce6e0638fc29',53,1,1,1,5,10.00,1.00,2.00,'35','新店开业，天降福利！！！','mss','mss','太和殿点位',0.0500,'39.923647','116.403433',0,1,1.00,0,1564646270000,b'1',0.30,0.50,0.40,b'1',0.00,0.00,'https://www.chuyinkeji.cn/shopbarcode/yzxy215.jpg'),(2,22,'熊猫来2','18857818257','http://ops.chuyinkeji.cn/ee14b379-fd0b-4a42-be36-9fd6a06a5baa',54,1,1,1,5,1.00,1.00,2.00,'40','新店开张啦，亲朋好友看过来。天降福利哟，优惠券领不停！！！','xml','xml','午门点位',0.1000,'39.920109','116.403712',0,1,1.00,0,1564642884529,b'1',0.30,0.50,0.40,b'1',130.80,20.20,'https://www.chuyinkeji.cn/shopbarcode/yzxy216.jpg'),(3,22,'十点见（本店装修ing）','18857818257','http://ops.chuyinkeji.cn/5e499ede-ea15-4dcb-b7b5-435f4ed6ed98',55,1,1,0,4,10.00,1.00,1.00,'40','哈哈哈哈哈哈','sdj','sdj','太和殿',0.0500,'39.923844','116.403478',0,0,0.00,0,1564643421924,b'0',0.50,0.50,0.50,b'0',0.00,0.00,NULL),(4,24,'小木村石锅拌饭','18357317997','http://ops.chuyinkeji.cn/5b3e44bb-a321-45f9-8bac-4abd6470c951',58,1,1,1,5,10.00,1.00,0.00,'35','暂时没有公告','13136207971','123456','浙江省嘉兴市南湖区东栅街道景宜路格林小镇',0.0600,'120.791973','30.740149',0,0,0.00,0,0,b'1',0.00,0.00,0.00,b'1',0.00,0.00,NULL),(5,24,'正宗黄焖鸡','13738270699','http://ops.chuyinkeji.cn/5b3e44bb-a321-45f9-8bac-4abd6470c951',58,1,1,1,5,10.00,1.00,0.00,'35','暂时没有公告','15024301122','123456','同济路117号',0.0600,'120.791973','30.740149',0,0,0.00,0,0,b'1',0.00,0.00,0.00,b'1',0.00,0.00,NULL),(6,24,'UFO汉堡（送到嘴边）','15726923334','http://ops.chuyinkeji.cn/5b3e44bb-a321-45f9-8bac-4abd6470c951',58,1,1,1,5,10.00,1.00,0.00,'35','暂时没有公告','15726923334','123456','浙江省嘉兴市南湖区东栅街道中港路',0.0600,'120.791973','30.740149',0,0,0.00,0,0,b'1',0.00,0.00,0.00,b'1',0.00,0.00,NULL),(7,24,'乐滋麻辣香锅（领红包下单）','15024307669','http://ops.chuyinkeji.cn/5b3e44bb-a321-45f9-8bac-4abd6470c951',58,1,1,1,5,10.00,1.00,0.00,'35','暂时没有公告','15024307669','123456','同济路103号',0.0600,'120.791973','30.740149',0,0,0.00,0,0,b'1',0.00,0.00,0.00,b'1',0.00,0.00,NULL),(8,24,'东北大馅水饺','13738270699','http://ops.chuyinkeji.cn/5b3e44bb-a321-45f9-8bac-4abd6470c951',58,1,1,1,5,10.00,1.00,0.00,'35','暂时没有公告','18782580858','123456','同济路115号',0.0600,'120.791973','30.740149',0,0,0.00,0,0,b'1',0.00,0.00,0.00,b'1',0.00,0.00,NULL),(9,24,'杨明宇黄焖鸡米饭','13738270699','http://ops.chuyinkeji.cn/5b3e44bb-a321-45f9-8bac-4abd6470c951',58,1,1,1,5,10.00,1.00,0.00,'35','暂时没有公告','13738270699','123456','同济路115号',0.0600,'120.791973','30.740149',0,0,0.00,0,0,b'1',0.00,0.00,0.00,b'1',0.00,0.00,NULL),(10,24,'华仔烤肉拌饭','13967126212','http://ops.chuyinkeji.cn/5b3e44bb-a321-45f9-8bac-4abd6470c951',58,1,1,1,5,10.00,1.00,0.00,'35','暂时没有公告','18267347011','123456','浙江省嘉兴市南湖区长水街道一鸣真鲜奶吧(同济大学店)同济大学浙江学院',0.0600,'120.791973','30.740149',0,0,0.00,0,0,b'1',0.00,0.00,0.00,b'1',0.00,0.00,NULL),(11,24,'厉害了炒饭','18505831358','http://ops.chuyinkeji.cn/5b3e44bb-a321-45f9-8bac-4abd6470c951',58,1,1,1,5,10.00,1.00,0.00,'35','暂时没有公告','17377613597','123456','浙江省嘉兴市南湖区东栅街道文贤路',0.0600,'120.791973','30.740149',0,0,0.00,0,0,b'1',0.00,0.00,0.00,b'1',0.00,0.00,NULL),(12,24,'港岛记.香港叉烧饭','13456267233','http://ops.chuyinkeji.cn/5b3e44bb-a321-45f9-8bac-4abd6470c951',58,1,1,1,5,10.00,1.00,0.00,'35','暂时没有公告','13456267233','123456','浙江省嘉兴市南湖区景宜路908号',0.0600,'120.791973','30.740149',0,0,0.00,0,0,b'1',0.00,0.00,0.00,b'1',0.00,0.00,NULL),(13,24,'桥头排骨（万达店）','15868585151','http://ops.chuyinkeji.cn/5b3e44bb-a321-45f9-8bac-4abd6470c951',58,1,1,1,5,10.00,1.00,0.00,'35','暂时没有公告','15868585151','123456','浙江省嘉兴市南湖区长水街道万达华府秋江花苑万达华府',0.0600,'120.791973','30.740149',0,0,0.00,0,0,b'1',0.00,0.00,0.00,b'1',0.00,0.00,NULL),(14,24,'酱骨大师·姜仔鸡','13205737773','http://ops.chuyinkeji.cn/5b3e44bb-a321-45f9-8bac-4abd6470c951',58,1,1,1,5,10.00,1.00,0.00,'35','暂时没有公告','13205737773','123456','浙江省嘉兴市南湖区东栅街道景宜路902号康桥花园',0.0600,'120.791973','30.740149',0,0,0.00,0,0,b'1',0.00,0.00,0.00,b'1',0.00,0.00,NULL),(15,24,'小吃美食餐厅（上楼）','13736453169','http://ops.chuyinkeji.cn/5b3e44bb-a321-45f9-8bac-4abd6470c951',58,1,1,1,5,10.00,1.00,0.00,'35','暂时没有公告','15990322881','123456','浙江省嘉兴市南湖区长水街道同济大学浙江学院图书馆同济大学浙江学院',0.0600,'120.791973','30.740149',0,0,0.00,0,0,b'1',0.00,0.00,0.00,b'1',0.00,0.00,NULL),(16,24,'低卡实验室','13867311188','http://ops.chuyinkeji.cn/5b3e44bb-a321-45f9-8bac-4abd6470c951',58,1,1,1,5,10.00,1.00,0.00,'35','暂时没有公告','13867311188','123456','浙江省嘉兴市南湖区东栅街道景宜路902号康桥花园',0.0600,'120.791973','30.740149',0,0,0.00,0,0,b'1',0.00,0.00,0.00,b'1',0.00,0.00,NULL),(17,24,'老徐炒饭','13990110217','http://ops.chuyinkeji.cn/5b3e44bb-a321-45f9-8bac-4abd6470c951',58,1,1,1,5,10.00,1.00,0.00,'35','暂时没有公告','13990110217','123456','浙浙江省嘉兴市南湖区东栅街道富润路113号',0.0600,'120.791973','30.740149',0,0,0.00,0,0,b'1',0.00,0.00,0.00,b'1',0.00,0.00,NULL),(18,24,'福来聚斯(饮品便当焗饭)','18967320326','http://ops.chuyinkeji.cn/5b3e44bb-a321-45f9-8bac-4abd6470c951',58,1,1,1,5,10.00,1.00,0.00,'35','暂时没有公告','18967320326','123456','浙江省嘉兴市南湖区长水街道双溪路',0.0600,'120.791973','30.740149',0,0,0.00,0,0,b'1',0.00,0.00,0.00,b'1',0.00,0.00,NULL),(19,24,'流星雨果吧鸡排～汉堡～披萨～水果茶','13867393789','http://ops.chuyinkeji.cn/5b3e44bb-a321-45f9-8bac-4abd6470c951',58,1,1,1,5,10.00,1.00,0.00,'35','暂时没有公告','13867393789','123456','浙江省嘉兴市南湖区南湖街道农翔路巴黎都市波旁宫',0.0600,'120.791973','30.740149',0,0,0.00,0,0,b'1',0.00,0.00,0.00,b'1',0.00,0.00,NULL),(20,24,'东池便当','18966322277','http://ops.chuyinkeji.cn/5b3e44bb-a321-45f9-8bac-4abd6470c951',58,1,1,1,5,10.00,1.00,0.00,'35','暂时没有公告','18966322277','123456','浙江省嘉兴市南湖区东栅街道景宜路蔚蓝·澳洲花园',0.0600,'120.791973','30.740149',0,0,0.00,0,0,b'1',0.00,0.00,0.00,b'1',0.00,0.00,NULL),(21,24,'快洁(自选式炒饭)','15757394053','http://ops.chuyinkeji.cn/5b3e44bb-a321-45f9-8bac-4abd6470c951',58,1,1,1,5,10.00,1.00,0.00,'35','暂时没有公告','15757394053','123456','浙江省嘉兴市南湖区长水街道文贤路',0.0600,'120.791973','30.740149',0,0,0.00,0,0,b'1',0.00,0.00,0.00,b'1',0.00,0.00,NULL),(22,24,'果食联盟','13767419794','http://ops.chuyinkeji.cn/5b3e44bb-a321-45f9-8bac-4abd6470c951',58,1,1,1,5,10.00,1.00,0.00,'35','暂时没有公告','13767419794','123456','云东公寓',0.0600,'120.791973','30.740149',0,0,0.00,0,0,b'1',0.00,0.00,0.00,b'1',0.00,0.00,NULL),(23,24,'汤鲜笙米粉·拉面·拌饭餐厅','13395731069','http://ops.chuyinkeji.cn/5b3e44bb-a321-45f9-8bac-4abd6470c951',58,1,1,1,5,10.00,1.00,0.00,'35','暂时没有公告','15957355888','123456','浙江省嘉兴市南湖区东栅街道向阳街嘉兴世界贸易中心',0.0600,'120.791973','30.740149',0,0,0.00,0,0,b'1',0.00,0.00,0.00,b'1',0.00,0.00,NULL),(24,24,'开心麻辣烫','13395731069','http://ops.chuyinkeji.cn/5b3e44bb-a321-45f9-8bac-4abd6470c951',58,1,1,1,5,10.00,1.00,0.00,'35','暂时没有公告','13395731069','123456','浙江省嘉兴市南湖区东栅街道双溪路1559号格林小镇',0.0600,'120.791973','30.740149',0,0,0.00,0,0,b'1',0.00,0.00,0.00,b'1',0.00,0.00,NULL),(25,24,'鸡汰子','15990381587','http://ops.chuyinkeji.cn/5b3e44bb-a321-45f9-8bac-4abd6470c951',58,1,1,1,5,10.00,1.00,0.00,'35','暂时没有公告','15990381587','123456','浙江省嘉兴市南湖区东栅街道景宜路902号康桥花园',0.0600,'120.791973','30.740149',0,0,0.00,0,0,b'1',0.00,0.00,0.00,b'1',0.00,0.00,NULL),(26,24,'老妈烫饭炒饭养生粥（狼牙土豆上新啦）','19905730551','http://ops.chuyinkeji.cn/5b3e44bb-a321-45f9-8bac-4abd6470c951',58,1,1,1,5,10.00,1.00,0.00,'35','暂时没有公告','19905730551','123456','浙江省嘉兴市南湖区东栅街道景宜路936号格林小镇',0.0600,'120.791973','30.740149',0,0,0.00,0,0,b'1',0.00,0.00,0.00,b'1',0.00,0.00,NULL),(27,24,'异城汉堡','15088708701','http://ops.chuyinkeji.cn/5b3e44bb-a321-45f9-8bac-4abd6470c951',58,1,1,1,5,10.00,1.00,0.00,'35','暂时没有公告','13588229507','123456','浙江省嘉兴市南湖区东栅街道双溪路1387号康桥花园',0.0600,'120.791973','30.740149',0,0,0.00,0,0,b'1',0.00,0.00,0.00,b'1',0.00,0.00,NULL),(28,24,'社会喵校园餐9.9元','18157333993','http://ops.chuyinkeji.cn/5b3e44bb-a321-45f9-8bac-4abd6470c951',58,1,1,1,5,10.00,1.00,0.00,'35','暂时没有公告','13798254099','123456','浙江省嘉兴市南湖区东栅街道南溪西路2216号同方燕语林苑',0.0600,'120.791973','30.740149',0,0,0.00,0,0,b'1',0.00,0.00,0.00,b'1',0.00,0.00,NULL),(29,24,'幸临椒麻鸡(万达店）','18621991718','http://ops.chuyinkeji.cn/5b3e44bb-a321-45f9-8bac-4abd6470c951',58,1,1,1,5,10.00,1.00,0.00,'35','暂时没有公告','13738281693','123456','九曲路南江路口',0.0600,'120.791973','30.740149',0,0,0.00,0,0,b'1',0.00,0.00,0.00,b'1',0.00,0.00,NULL),(30,24,'里外baking','15757306628','http://ops.chuyinkeji.cn/5b3e44bb-a321-45f9-8bac-4abd6470c951',58,1,1,1,5,10.00,1.00,0.00,'35','暂时没有公告','13967307542','123456','塘桥路73号',0.0600,'120.791973','30.740149',0,0,0.00,0,0,b'1',0.00,0.00,0.00,b'1',0.00,0.00,NULL),(31,24,'鱼你幸福','15967372026','http://ops.chuyinkeji.cn/5b3e44bb-a321-45f9-8bac-4abd6470c951',58,1,1,1,5,10.00,1.00,0.00,'35','暂时没有公告','15967372026','123456','嘉兴市南湖区东栅街道景宜路24号',0.0600,'120.791973','30.740149',0,0,0.00,0,0,b'1',0.00,0.00,0.00,b'1',0.00,0.00,NULL),(32,24,'沙县小吃','15888321499','http://ops.chuyinkeji.cn/5b3e44bb-a321-45f9-8bac-4abd6470c951',58,1,1,1,5,10.00,1.00,0.00,'35','暂时没有公告','15888321499','123456','浙江省嘉兴市南湖区东栅街道双溪路1625号沙县小吃，国际中港城对面',0.0600,'120.791973','30.740149',0,0,0.00,0,0,b'1',0.00,0.00,0.00,b'1',0.00,0.00,NULL),(33,24,'泡泡美食','13736885573','http://ops.chuyinkeji.cn/5b3e44bb-a321-45f9-8bac-4abd6470c951',58,1,1,1,5,10.00,1.00,0.00,'35','暂时没有公告','13736885573','123456','长水街道中南社区服务中心',0.0600,'120.791973','30.740149',0,0,0.00,0,0,b'1',0.00,0.00,0.00,b'1',0.00,0.00,NULL),(34,24,'一抹沙拉','15088708701','http://ops.chuyinkeji.cn/5b3e44bb-a321-45f9-8bac-4abd6470c951',58,1,1,1,5,10.00,1.00,0.00,'35','暂时没有公告','13136185338','123456','一抹沙拉',0.0600,'120.791973','30.740149',0,0,0.00,0,0,b'1',0.00,0.00,0.00,b'1',0.00,0.00,NULL),(35,24,'如意菜饭9.9','17305731983','http://ops.chuyinkeji.cn/5b3e44bb-a321-45f9-8bac-4abd6470c951',58,1,1,1,5,10.00,1.00,0.00,'35','暂时没有公告','18324350845','123456','浙江省教育科学研究院实验小学',0.0600,'120.791973','30.740149',0,0,0.00,0,0,b'1',0.00,0.00,0.00,b'1',0.00,0.00,NULL),(36,24,'咖喱叔叔（送宿舍，教室）','13736453169','http://ops.chuyinkeji.cn/5b3e44bb-a321-45f9-8bac-4abd6470c951',58,1,1,1,5,10.00,1.00,0.00,'35','暂时没有公告','15306813906','123456','浙江省嘉兴市南湖区长水街道同济大学浙江学院图书馆同济大学浙江学院',0.0600,'120.791973','30.740149',0,0,0.00,0,0,b'1',0.00,0.00,0.00,b'1',0.00,0.00,NULL),(37,24,'云南过桥米线(朝鲜族冷面)','13136207971','http://ops.chuyinkeji.cn/5b3e44bb-a321-45f9-8bac-4abd6470c951',58,1,1,1,5,10.00,1.00,0.00,'35','暂时没有公告','15325357087','123456','广益路景宜路(公交站)',0.0600,'120.791973','30.740149',0,0,0.00,0,0,b'1',0.00,0.00,0.00,b'1',0.00,0.00,NULL),(38,24,'江子铁板烧','13429252287','http://ops.chuyinkeji.cn/5b3e44bb-a321-45f9-8bac-4abd6470c951',58,1,1,1,5,10.00,1.00,0.00,'35','暂时没有公告','13429252287','123456','江子铁板烧',0.0600,'120.791973','30.740149',0,0,0.00,0,0,b'1',0.00,0.00,0.00,b'1',0.00,0.00,NULL),(39,24,'一家粥铺','17755713602','http://ops.chuyinkeji.cn/5b3e44bb-a321-45f9-8bac-4abd6470c951',58,1,1,1,5,10.00,1.00,0.00,'35','暂时没有公告','17755713602','123456','康桥花园(西1门)',0.0600,'120.791973','30.740149',0,0,0.00,0,0,b'1',0.00,0.00,0.00,b'1',0.00,0.00,NULL),(40,24,'麦嘉基炸鸡汉堡店','82317210','http://ops.chuyinkeji.cn/5b3e44bb-a321-45f9-8bac-4abd6470c951',58,1,1,1,5,10.00,1.00,0.00,'35','暂时没有公告','17521100457','123456','浙江省嘉兴市南湖区南湖街道纺工路1488号翰林府第',0.0600,'120.791973','30.740149',0,0,0.00,0,0,b'1',0.00,0.00,0.00,b'1',0.00,0.00,NULL),(41,24,'鸭绿江冷面凉皮店','17758293606','http://ops.chuyinkeji.cn/5b3e44bb-a321-45f9-8bac-4abd6470c951',58,1,1,1,5,10.00,1.00,0.00,'35','暂时没有公告','17758293606','123456','东栅街道办事处',0.0600,'120.791973','30.740149',0,0,0.00,0,0,b'1',0.00,0.00,0.00,b'1',0.00,0.00,NULL),(42,24,'陆小姐私房蛋糕','15068749112','http://ops.chuyinkeji.cn/5b3e44bb-a321-45f9-8bac-4abd6470c951',58,1,1,1,5,10.00,1.00,0.00,'35','暂时没有公告','15068749112','123456','陆小姐私房蛋糕',0.0600,'120.791973','30.740149',0,0,0.00,0,0,b'1',0.00,0.00,0.00,b'1',0.00,0.00,NULL),(43,24,'潮宏鸡','15167310915','http://ops.chuyinkeji.cn/5b3e44bb-a321-45f9-8bac-4abd6470c951',58,1,1,1,5,10.00,1.00,0.00,'35','暂时没有公告','13967378243','123456','饭戒(中港路店)',0.0600,'120.791973','30.740149',0,0,0.00,0,0,b'1',0.00,0.00,0.00,b'1',0.00,0.00,NULL),(44,24,'久久农家菜','15257398731','http://ops.chuyinkeji.cn/5b3e44bb-a321-45f9-8bac-4abd6470c951',58,1,1,1,5,10.00,1.00,0.00,'35','暂时没有公告','15257398731','123456','双溪路与由拳路交叉口',0.0600,'120.791973','30.740149',0,0,0.00,0,0,b'1',0.00,0.00,0.00,b'1',0.00,0.00,NULL),(45,24,'小良（9.9炒面，粉丝煲，饺子）','13516830571','http://ops.chuyinkeji.cn/5b3e44bb-a321-45f9-8bac-4abd6470c951',58,1,1,1,5,10.00,1.00,0.00,'35','暂时没有公告','13516830571','123456','紫燕百味鸡(万家花园店)',0.0600,'120.791973','30.740149',0,0,0.00,0,0,b'1',0.00,0.00,0.00,b'1',0.00,0.00,NULL),(46,24,'赞斗烤鸡','13738270699','http://ops.chuyinkeji.cn/5b3e44bb-a321-45f9-8bac-4abd6470c951',58,1,1,1,5,10.00,1.00,0.00,'35','暂时没有公告','18398173513','123456','饱食捷',0.0600,'120.791973','30.740149',0,0,0.00,0,0,b'1',0.00,0.00,0.00,b'1',0.00,0.00,NULL),(47,24,'怪兽炒饭','13774405868','http://ops.chuyinkeji.cn/5b3e44bb-a321-45f9-8bac-4abd6470c951',58,1,1,1,5,10.00,1.00,0.00,'35','暂时没有公告','13774405868','123456','食滋(入口)',0.0600,'120.791973','30.740149',0,0,0.00,0,0,b'1',0.00,0.00,0.00,b'1',0.00,0.00,NULL),(48,24,'樱花寿司(同济店)','13216315852','http://ops.chuyinkeji.cn/5b3e44bb-a321-45f9-8bac-4abd6470c951',58,1,1,1,5,10.00,1.00,0.00,'35','暂时没有公告','18367387836','123456','浙江省嘉兴市南湖区长水街道一鸣真鲜奶吧(同济大学店)同济大学浙江学院',0.0600,'120.791973','30.740149',0,0,0.00,0,0,b'1',0.00,0.00,0.00,b'1',0.00,0.00,NULL),(49,24,'茶一巷','17768619312','http://ops.chuyinkeji.cn/5b3e44bb-a321-45f9-8bac-4abd6470c951',58,1,1,1,5,10.00,1.00,0.00,'35','暂时没有公告','17768619312','123456','浙江省嘉兴市南湖区长水街道商务大道168号同济大学浙江学院',0.0600,'120.791973','30.740149',0,0,0.00,0,0,b'1',0.00,0.00,0.00,b'1',0.00,0.00,NULL),(50,24,'乐而美','19844273209','http://ops.chuyinkeji.cn/5b3e44bb-a321-45f9-8bac-4abd6470c951',58,1,1,1,5,10.00,1.00,0.00,'35','暂时没有公告','13400784557','123456','浙江省嘉兴市南湖区长水街道嘉兴南站',0.0600,'120.791973','30.740149',0,0,0.00,0,0,b'1',0.00,0.00,0.00,b'1',0.00,0.00,NULL),(51,24,'外婆烫饭','18268355972','http://ops.chuyinkeji.cn/5b3e44bb-a321-45f9-8bac-4abd6470c951',58,1,1,1,5,10.00,1.00,0.00,'35','暂时没有公告','18006611122','123456','杨铭宇黄焖鸡米饭(泾水路店)',0.0600,'120.791973','30.740149',0,0,0.00,0,0,b'1',0.00,0.00,0.00,b'1',0.00,0.00,NULL),(52,24,'骨头汤菜饭','15890871251','http://ops.chuyinkeji.cn/5b3e44bb-a321-45f9-8bac-4abd6470c951',58,1,1,1,5,10.00,1.00,0.00,'35','暂时没有公告','15890871251','123456','浙江省嘉兴市南湖区长水街道双溪路久久小区',0.0600,'120.791973','30.740149',0,0,0.00,0,0,b'1',0.00,0.00,0.00,b'1',0.00,0.00,NULL),(53,24,'青蔬麻辣烫','13706584276','http://ops.chuyinkeji.cn/5b3e44bb-a321-45f9-8bac-4abd6470c951',58,1,1,1,5,10.00,1.00,0.00,'35','暂时没有公告','13706584276','123456','浙江省嘉兴市南湖区长水街道双溪路久久小区',0.0600,'120.791973','30.740149',0,0,0.00,0,0,b'1',0.00,0.00,0.00,b'1',0.00,0.00,NULL),(54,24,'飞驰炒饭','13706584276','http://ops.chuyinkeji.cn/5b3e44bb-a321-45f9-8bac-4abd6470c951',58,1,1,1,5,10.00,1.00,0.00,'35','暂时没有公告','15967399044','123456','浙江省嘉兴市南湖区长水街道双溪路久久小区',0.0600,'120.791973','30.740149',0,0,0.00,0,0,b'1',0.00,0.00,0.00,b'1',0.00,0.00,NULL),(55,24,'桥头排骨（中港城店)','18267320241','http://ops.chuyinkeji.cn/5b3e44bb-a321-45f9-8bac-4abd6470c951',58,1,1,1,5,10.00,1.00,0.00,'35','暂时没有公告','15565563866','123456','浙江省嘉兴市南湖区长水街道双溪路久久小区',0.0600,'120.791973','30.740149',0,0,0.00,0,0,b'1',0.00,0.00,0.00,b'1',0.00,0.00,NULL),(56,24,'陕秦面馆','18358281988','http://ops.chuyinkeji.cn/5b3e44bb-a321-45f9-8bac-4abd6470c951',58,1,1,1,5,10.00,1.00,0.00,'35','暂时没有公告','183582819889','123456','浙江省嘉兴市南湖区长水街道双溪路久久小区',0.0600,'120.791973','30.740149',0,0,0.00,0,0,b'1',0.00,0.00,0.00,b'1',0.00,0.00,NULL),(57,24,'板烧厨房','18367305428','http://ops.chuyinkeji.cn/5b3e44bb-a321-45f9-8bac-4abd6470c951',58,1,1,1,5,10.00,1.00,0.00,'35','暂时没有公告','13439700971','123456','浙江省嘉兴市南湖区长水街道双溪路久久小区',0.0600,'120.791973','30.740149',0,0,0.00,0,0,b'1',0.00,0.00,0.00,b'1',0.00,0.00,NULL),(58,24,'LK-bakery甜品蛋糕店','15800861692','http://ops.chuyinkeji.cn/5b3e44bb-a321-45f9-8bac-4abd6470c951',58,1,1,1,5,10.00,1.00,0.00,'35','暂时没有公告','15800861692','123456','浙江省嘉兴市南湖区长水街道双溪路久久小区',0.0600,'120.791973','30.740149',0,0,0.00,0,0,b'1',0.00,0.00,0.00,b'1',0.00,0.00,NULL),(59,24,'鸡咪鸡咪','15705730705','http://ops.chuyinkeji.cn/5b3e44bb-a321-45f9-8bac-4abd6470c951',58,1,1,1,5,10.00,1.00,0.00,'35','暂时没有公告','15705730705','123456','浙江省嘉兴市南湖区长水街道双溪路久久小区',0.0600,'120.791973','30.740149',0,0,0.00,0,0,b'1',0.00,0.00,0.00,b'1',0.00,0.00,NULL),(60,24,'香柠汉堡','13105501503','http://ops.chuyinkeji.cn/5b3e44bb-a321-45f9-8bac-4abd6470c951',58,1,1,1,5,10.00,1.00,0.00,'35','暂时没有公告','13105501503','123456','浙江省嘉兴市南湖区长水街道双溪路久久小区',0.0600,'120.791973','30.740149',0,0,0.00,0,0,b'1',0.00,0.00,0.00,b'1',0.00,0.00,NULL),(61,24,'菜饭骨头汤（一号店）','16605731569','http://ops.chuyinkeji.cn/5b3e44bb-a321-45f9-8bac-4abd6470c951',58,1,1,1,5,10.00,1.00,0.00,'35','暂时没有公告','16605731569','123456','浙江省嘉兴市南湖区长水街道华盛广场新领域',0.0600,'120.791973','30.740149',0,0,0.00,0,0,b'1',0.00,0.00,0.00,b'1',0.00,0.00,NULL);

#
# Structure for table "shop_category"
#

CREATE TABLE `shop_category` (
  `Id` int(11) NOT NULL AUTO_INCREMENT,
  `name` varchar(30) NOT NULL DEFAULT '' COMMENT '分类名字',
  `sort` bigint(20) NOT NULL DEFAULT '0' COMMENT '排序字段',
  `is_delete` int(11) NOT NULL DEFAULT '0' COMMENT '是否删除',
  `school_id` int(11) NOT NULL DEFAULT '0' COMMENT '学校id',
  PRIMARY KEY (`Id`)
) ENGINE=InnoDB AUTO_INCREMENT=61 DEFAULT CHARSET=utf8 COMMENT='店铺分类';

#
# Data for table "shop_category"
#

INSERT INTO `shop_category` VALUES (53,'一号食堂',1564642197711,0,22),(54,'校外商家',1564642385485,0,22),(55,'校内商家',1564642390198,0,22),(56,'四号食堂',1564642397039,1,22),(57,'学校食堂',1564659432704,0,22),(58,'第一分类',1565335193942,0,24),(59,'第二分类',1565335198988,0,24),(60,'第三分类',1565335206329,0,24);

#
# Structure for table "shop_coupon"
#

CREATE TABLE `shop_coupon` (
  `id` bigint(20) NOT NULL AUTO_INCREMENT COMMENT '主键id',
  `shop_id` bigint(20) NOT NULL COMMENT '店铺id',
  `coupon_id` bigint(20) NOT NULL COMMENT '优惠券id',
  `create_time` datetime NOT NULL DEFAULT CURRENT_TIMESTAMP COMMENT '创建时间',
  `create_id` bigint(20) NOT NULL COMMENT '创建人id',
  `is_delete` int(11) NOT NULL DEFAULT '0' COMMENT '是否删除（1.删除 0.未删除）',
  `coupon_type` int(4) NOT NULL DEFAULT '0' COMMENT '优惠券类型（0.店铺优惠券  1.首页优惠券 2-平台优惠券所有店铺使用）',
  PRIMARY KEY (`id`),
  KEY `normal_index_coupon_id` (`coupon_id`) USING BTREE COMMENT '优惠券id索引',
  KEY `normal_index_shop_id` (`shop_id`) USING BTREE COMMENT '店铺id索引'
) ENGINE=InnoDB AUTO_INCREMENT=112 DEFAULT CHARSET=utf8 COMMENT='店铺优惠券关联表';

#
# Data for table "shop_coupon"
#

INSERT INTO `shop_coupon` VALUES (98,216,44,'2019-08-01 15:35:56',22,1,0),(99,215,44,'2019-08-01 15:35:56',22,1,0),(100,216,45,'2019-08-01 15:36:38',22,0,1),(101,215,44,'2019-08-01 15:36:45',22,0,0),(102,2,44,'2019-08-01 15:36:45',22,0,0),(103,2,46,'2019-08-01 15:37:19',22,0,2),(104,215,46,'2019-08-01 15:37:19',22,0,2),(105,217,46,'2019-08-01 15:37:19',22,0,2),(106,2,47,'2019-08-01 15:37:58',22,1,2),(107,215,47,'2019-08-01 15:37:58',22,1,2),(108,217,47,'2019-08-01 15:37:58',22,1,2),(109,2,47,'2019-08-01 15:55:27',22,0,2),(110,215,47,'2019-08-01 15:55:27',22,0,2),(111,217,47,'2019-08-01 15:55:27',22,0,2);

#
# Structure for table "shop_full_cut"
#

CREATE TABLE `shop_full_cut` (
  `id` bigint(20) unsigned NOT NULL AUTO_INCREMENT COMMENT '主键id',
  `shop_id` bigint(20) NOT NULL DEFAULT '0' COMMENT '店铺id',
  `full_amount` int(11) DEFAULT '0' COMMENT '满',
  `cut_amount` int(11) DEFAULT '0' COMMENT '减',
  `is_delete` tinyint(4) DEFAULT '0' COMMENT '是否删除 0：否 1：是',
  `create_id` bigint(20) NOT NULL COMMENT '创建人ID',
  `update_id` bigint(20) NOT NULL COMMENT '更新人ID',
  `create_time` datetime NOT NULL DEFAULT CURRENT_TIMESTAMP COMMENT '创建时间',
  `update_time` datetime NOT NULL DEFAULT CURRENT_TIMESTAMP ON UPDATE CURRENT_TIMESTAMP COMMENT '更新时间',
  PRIMARY KEY (`id`),
  KEY `index` (`shop_id`)
) ENGINE=InnoDB AUTO_INCREMENT=376 DEFAULT CHARSET=utf8 COMMENT='满减列表';

#
# Data for table "shop_full_cut"
#


#
# Structure for table "shop_open_time"
#

CREATE TABLE `shop_open_time` (
  `start_time` varchar(5) NOT NULL COMMENT '开始时间',
  `end_time_long` bigint(20) NOT NULL DEFAULT '0' COMMENT '结束时间相对时间戳',
  `start_time_long` bigint(20) NOT NULL DEFAULT '0' COMMENT '开始时间相对时间戳',
  `end_time` varchar(5) NOT NULL COMMENT '结束时间',
  `shop_id` int(11) NOT NULL COMMENT '店铺id',
  `id` int(11) NOT NULL AUTO_INCREMENT,
  PRIMARY KEY (`id`),
  KEY `normal_index_shop_id` (`shop_id`) USING BTREE COMMENT '店铺id索引'
) ENGINE=InnoDB AUTO_INCREMENT=1043 DEFAULT CHARSET=utf8;

#
# Data for table "shop_open_time"
#

INSERT INTO `shop_open_time` VALUES ('00:01',0,0,'23:59',216,1038),('00:01',0,0,'23:59',215,1039),('00:01',0,0,'00:02',217,1041),('10:00',0,0,'21:59',2,1042);

#
# Structure for table "shop_print"
#

CREATE TABLE `shop_print` (
  `id` bigint(20) NOT NULL AUTO_INCREMENT COMMENT '主键id',
  `shop_id` bigint(20) NOT NULL COMMENT '店铺id',
  `yes_print_gpr` int(4) NOT NULL COMMENT '店铺是否开启飞鹅GPRS打印 0-不开启，1-开启',
  `print_brand` int(4) NOT NULL COMMENT '打印机品牌 1-飞鹅，2-其他',
  `fei_e_sn` varchar(64) NOT NULL COMMENT '店铺打印机的sn码',
  `fei_e_key` varchar(64) NOT NULL COMMENT '店铺打印机的key码',
  `create_id` bigint(20) NOT NULL COMMENT '创建人id',
  `update_id` bigint(20) DEFAULT '0' COMMENT '修改人id',
  `create_time` datetime NOT NULL DEFAULT CURRENT_TIMESTAMP COMMENT '创建时间',
  `update_time` datetime DEFAULT CURRENT_TIMESTAMP ON UPDATE CURRENT_TIMESTAMP COMMENT '修改时间',
  PRIMARY KEY (`id`),
  KEY `normal_index_shop_id` (`shop_id`) USING BTREE COMMENT '店铺id索引'
) ENGINE=InnoDB AUTO_INCREMENT=6 DEFAULT CHARSET=utf8 COMMENT='店铺打印机表';

#
# Data for table "shop_print"
#

INSERT INTO `shop_print` VALUES (1,1,0,1,'feie------update','key',1,1,'2019-08-11 19:40:12','2019-08-11 19:40:12'),(3,1,0,1,'feie','key',1,1,'2019-08-11 19:30:54','2019-08-11 19:30:54'),(4,1,0,1,'feie','key',1,1,'2019-08-11 19:30:54','2019-08-11 19:30:54'),(5,1,0,1,'feie','key',1,1,'2019-08-11 19:30:55','2019-08-11 19:30:55');

#
# Structure for table "sign"
#

CREATE TABLE `sign` (
  `Id` int(11) NOT NULL AUTO_INCREMENT,
  `open_id` varchar(50) NOT NULL DEFAULT '' COMMENT '微信用户唯一标识',
  `day` int(11) NOT NULL DEFAULT '0' COMMENT '签到日期',
  `source` int(11) NOT NULL DEFAULT '0' COMMENT '增加的积分',
  `indexs` int(11) NOT NULL DEFAULT '1' COMMENT '连续次数',
  `create_time` timestamp NULL DEFAULT CURRENT_TIMESTAMP COMMENT '创建时间',
  PRIMARY KEY (`Id`)
) ENGINE=InnoDB AUTO_INCREMENT=22753 DEFAULT CHARSET=utf8 COMMENT='签到表';

#
# Data for table "sign"
#

INSERT INTO `sign` VALUES (22742,'oWP5G42cNW2gghAZiqvfOFDQ--0A',20190801,3,1,'2019-08-01 14:46:12'),(22743,'oWP5G4wITSFF8Ts7kJmjNy7E0xzQ',20190802,3,1,'2019-08-02 15:38:24'),(22744,'oWP5G42cNW2gghAZiqvfOFDQ--0A',20190802,6,2,'2019-08-02 15:39:06'),(22745,'oWP5G47Fo148eIAgTL5UVVoeq8hY',20190802,3,1,'2019-08-02 15:39:08'),(22746,'oWP5G42VOBIbGrTMF9on-hXxiTa8',20190802,3,1,'2019-08-02 15:40:00'),(22747,'oWP5G42cNW2gghAZiqvfOFDQ--0A',20190803,9,3,'2019-08-03 11:18:01'),(22748,'oWP5G4wITSFF8Ts7kJmjNy7E0xzQ',20190805,3,1,'2019-08-05 12:25:48'),(22749,'oWP5G42cNW2gghAZiqvfOFDQ--0A',20190805,3,1,'2019-08-05 12:36:44'),(22750,'oWP5G42cNW2gghAZiqvfOFDQ--0A',20190806,6,2,'2019-08-06 17:05:45'),(22751,'oWP5G42cNW2gghAZiqvfOFDQ--0A',20190810,3,1,'2019-08-10 19:56:01'),(22752,'oWP5G42cNW2gghAZiqvfOFDQ--0A',20190811,6,2,'2019-08-11 11:00:27');

#
# Structure for table "slide"
#

CREATE TABLE `slide` (
  `Id` int(11) NOT NULL AUTO_INCREMENT,
  `image` varchar(100) NOT NULL DEFAULT '' COMMENT '图片地址',
  `path` varchar(100) NOT NULL DEFAULT '' COMMENT '跳转路径',
  `is_delete` int(11) NOT NULL DEFAULT '0' COMMENT '是否删除',
  `school_id` int(11) NOT NULL DEFAULT '0' COMMENT '学校id',
  `create_time` timestamp NOT NULL DEFAULT CURRENT_TIMESTAMP COMMENT '创建时间',
  `sort` bigint(20) NOT NULL DEFAULT '0' COMMENT '排序',
  PRIMARY KEY (`Id`)
) ENGINE=InnoDB AUTO_INCREMENT=89 DEFAULT CHARSET=utf8 COMMENT='轮播图表';

#
# Data for table "slide"
#

INSERT INTO `slide` VALUES (85,'http://ops.chuyinkeji.cn/3d37283c-b5d9-40c4-8e17-f1060913d606','／',1,22,'2019-08-01 13:39:08',1564637903088),(86,'http://ops.chuyinkeji.cn/b60efe3b-2cbe-447a-b0ac-76ee8e70cdc5','/pages/richText/richText?id=5',0,22,'2019-08-01 13:44:37',1564638881000),(87,'http://ops.chuyinkeji.cn/7d16e4af-aad7-43ae-93cf-616dda128cca','/pages/richText/richText?id=5',0,22,'2019-08-01 13:49:33',1564650055000),(88,'http://ops.chuyinkeji.cn/dfca100e-d8e8-4ec2-a0d0-aaab4bd1acb2','/pages/richText/richText?id=5',0,22,'2019-08-01 13:54:33',1564638828696);

#
# Structure for table "source_order"
#

CREATE TABLE `source_order` (
  `Id` varchar(50) NOT NULL DEFAULT '' COMMENT '订单号',
  `app_id` int(11) NOT NULL DEFAULT '0' COMMENT '主体id',
  `school_id` int(11) NOT NULL DEFAULT '0' COMMENT '学校id',
  `open_id` varchar(40) NOT NULL DEFAULT '' COMMENT '用户id',
  `address_name` varchar(50) NOT NULL DEFAULT '0' COMMENT '收货人姓名',
  `address_phone` varchar(11) NOT NULL DEFAULT '' COMMENT '收货人手机',
  `address_detail` varchar(150) NOT NULL DEFAULT '' COMMENT '收货人详细地址',
  `status` varchar(20) NOT NULL DEFAULT '待发货' COMMENT '订单状态',
  `pay_price` int(10) NOT NULL DEFAULT '0' COMMENT '实际付款',
  `floor_id` int(11) NOT NULL DEFAULT '0' COMMENT '楼栋id',
  `create_time` timestamp NOT NULL DEFAULT CURRENT_TIMESTAMP COMMENT '创建时间',
  `product_name` varchar(40) NOT NULL DEFAULT '' COMMENT '商品名字',
  `product_image` varchar(100) NOT NULL DEFAULT '' COMMENT '商品图片',
  PRIMARY KEY (`Id`)
) ENGINE=InnoDB DEFAULT CHARSET=utf8 COMMENT='积分订单表';

#
# Data for table "source_order"
#


#
# Structure for table "source_product"
#

CREATE TABLE `source_product` (
  `Id` int(11) NOT NULL AUTO_INCREMENT,
  `product_name` varchar(50) NOT NULL DEFAULT '' COMMENT '商品名字',
  `product_image` varchar(100) NOT NULL DEFAULT '' COMMENT '商品图片',
  `school_id` int(11) NOT NULL DEFAULT '0' COMMENT '学校id',
  `sale` int(11) NOT NULL DEFAULT '0' COMMENT '销量',
  `is_show` int(11) NOT NULL DEFAULT '0' COMMENT '上下架',
  `is_delete` int(11) NOT NULL DEFAULT '0' COMMENT '是否删除',
  `price` int(11) NOT NULL DEFAULT '0' COMMENT '价格',
  PRIMARY KEY (`Id`)
) ENGINE=InnoDB AUTO_INCREMENT=43 DEFAULT CHARSET=utf8 COMMENT='积分商品';

#
# Data for table "source_product"
#

INSERT INTO `source_product` VALUES (32,'优酷会员（月）','http://ops.chuyinkeji.cn/6bc4de08-7757-4cd3-bed3-a9f4475c5e31',1,117,1,0,2888),(33,'腾讯会员（月）','http://ops.chuyinkeji.cn/e5d43e12-657c-415d-a3c3-fc037d85fdac',1,182,1,0,2888),(34,'爱奇艺会员（月）','http://ops.chuyinkeji.cn/f80535ec-7711-46bd-94dd-ce3db1bc3d74',1,102,1,0,2888),(35,'芒果TV（月）','http://ops.chuyinkeji.cn/34932171-9ca4-4148-8bb9-1213f71a6ef8',1,198,1,0,2888),(36,'10元话费全网通','http://ops.chuyinkeji.cn/4a137b81-e4a2-4a65-8d26-84c54cd0fb43',1,328,1,0,1588),(37,'20元话费全网通','http://ops.chuyinkeji.cn/c240516a-ac01-4753-b1dd-63a7a068c30d',1,526,1,0,2888),(38,'50元话费全网通','http://ops.chuyinkeji.cn/7c4b63b6-1fbc-4b71-ad22-bf42c6aa2594',1,198,1,0,5888),(39,'薯片3桶装','http://ops.chuyinkeji.cn/573ef3ab-0777-46a2-ab3f-e2ca70af69df',1,57,1,0,2888),(40,'抽纸4包装','http://ops.chuyinkeji.cn/c55dc51b-b994-4194-a6e4-9649306a0278',1,218,1,0,888),(41,'亲嘴烧40包装','http://ops.chuyinkeji.cn/36a868ba-2188-4e2b-ad6b-091e0e9d601d',1,322,1,0,1588),(42,'抱枕随机发放','http://ops.chuyinkeji.cn/b180f9cc-592b-4d62-a09a-83ce556262d5',1,573,1,0,1088);

#
# Structure for table "test"
#

CREATE TABLE `test` (
  `id` int(11) NOT NULL,
  `amount` decimal(19,2) DEFAULT NULL,
  `name` varchar(255) DEFAULT NULL,
  PRIMARY KEY (`id`)
) ENGINE=InnoDB DEFAULT CHARSET=utf8;

#
# Data for table "test"
#


#
# Structure for table "tx_log"
#

CREATE TABLE `tx_log` (
  `Id` int(11) NOT NULL AUTO_INCREMENT,
  `txer_id` int(11) NOT NULL DEFAULT '0' COMMENT '提现者id',
  `type` varchar(20) NOT NULL DEFAULT '' COMMENT '提现类别',
  `create_time` timestamp NOT NULL DEFAULT CURRENT_TIMESTAMP COMMENT '时间',
  `amount` decimal(10,2) NOT NULL DEFAULT '0.00' COMMENT '金额',
  `result` varchar(255) NOT NULL DEFAULT '' COMMENT '结果',
  `school_id` int(11) NOT NULL DEFAULT '0' COMMENT '学校id',
  `app_id` int(11) NOT NULL DEFAULT '0' COMMENT '主体id',
  `ishow` bit(1) NOT NULL DEFAULT b'0',
  `is_tx` int(11) NOT NULL DEFAULT '0' COMMENT '是否提现(0.申请提现 1.审核通过 2.审核失败)',
  `dz_openid` varchar(255) NOT NULL DEFAULT '' COMMENT '到账用户openid',
  `tx_name` varchar(20) NOT NULL DEFAULT '' COMMENT '提现人的名称',
  PRIMARY KEY (`Id`)
) ENGINE=InnoDB AUTO_INCREMENT=5 DEFAULT CHARSET=utf8 COMMENT='提现日志';

#
# Data for table "tx_log"
#

INSERT INTO `tx_log` VALUES (1,852,'配送员提现','2019-08-06 18:59:12',7.20,'',22,1,b'0',1,'oWP5G4wITSFF8Ts7kJmjNy7E0xzQ','陈顺波'),(2,2,'商家提现','2019-08-11 11:43:44',1.20,'201908111144tx201908111144155128',22,1,b'0',1,'oWP5G42cNW2gghAZiqvfOFDQ--0A','熊猫来2'),(3,2,'商家提现','2019-08-11 11:44:23',12.00,'',22,1,b'0',2,'oWP5G42cNW2gghAZiqvfOFDQ--0A','熊猫来2'),(4,2,'商家提现','2019-08-11 11:44:39',19.00,'201908112228tx201908112228001158',22,1,b'0',1,'oWP5G42cNW2gghAZiqvfOFDQ--0A','熊猫来2');

#
# Structure for table "wx_user"
#

CREATE TABLE `wx_user` (
  `id` bigint(20) unsigned NOT NULL AUTO_INCREMENT COMMENT '主键id',
  `open_id` varchar(50) COLLATE utf8mb4_unicode_ci NOT NULL DEFAULT '' COMMENT '微信用户唯一标识',
  `nick_name` varchar(150) COLLATE utf8mb4_unicode_ci NOT NULL DEFAULT '' COMMENT '微信昵称',
  `avatar_url` varchar(255) COLLATE utf8mb4_unicode_ci NOT NULL DEFAULT '' COMMENT '微信头像',
  `gender` varchar(2) COLLATE utf8mb4_unicode_ci NOT NULL DEFAULT '未知' COMMENT '性别',
  `province` varchar(20) COLLATE utf8mb4_unicode_ci NOT NULL DEFAULT '未知' COMMENT '省',
  `city` varchar(30) COLLATE utf8mb4_unicode_ci DEFAULT '未知' COMMENT '城市',
  `phone` varchar(11) COLLATE utf8mb4_unicode_ci NOT NULL DEFAULT '' COMMENT '手机号码',
  `client` varchar(10) COLLATE utf8mb4_unicode_ci NOT NULL DEFAULT '' COMMENT '来源',
  `school_id` int(11) NOT NULL DEFAULT '0' COMMENT '学校id',
  `app_id` int(11) NOT NULL DEFAULT '0' COMMENT '主体id',
  `gzh_open_id` varchar(50) COLLATE utf8mb4_unicode_ci DEFAULT '' COMMENT '公众号openid',
  PRIMARY KEY (`open_id`),
  UNIQUE KEY `index_key_id` (`id`) USING BTREE,
  KEY `index` (`app_id`,`school_id`,`phone`)
) ENGINE=InnoDB AUTO_INCREMENT=24 DEFAULT CHARSET=utf8mb4 COLLATE=utf8mb4_unicode_ci COMMENT='微信用户';

#
# Data for table "wx_user"
#

INSERT INTO `wx_user` VALUES (19,'ofGBW44GFrc7KDY0gWHKfWFOkAh8','','','未知','未知','未知','','微信小程序',23,1,''),(1,'ofGBW4xm6zksIVwIwFoDuyUDbe_0','','','未知','未知','未知','17671464410','微信小程序',23,1,''),(17,'oWP5G4--KeEUtiuRWZLB_Y6n5qIQ','！！！','https://wx.qlogo.cn/mmopen/vi_32/K9zGuolPiapRNOGb74A90poynrmadFAoIhcO1HOV3xSeRVq7nZdibwShIDib4KneIhlWPibY2a7ficeqzkQ8WbVl50g/132','男','浙江','嘉兴','','微信小程序',24,1,''),(20,'oWP5G42Aoiw5qEzSZBaF7At0tR7A','司青青','https://wx.qlogo.cn/mmopen/vi_32/DYAIOgq83er6NwItz90R9XrDiaZFpsUFEO8ic0opxib18yoRDsn2ibsLqUR3py8YJekVb7ZnC2iavqGicnVRTm8hibeOw/132','男','江苏','宿迁','','微信小程序',24,1,''),(4,'oWP5G42cNW2gghAZiqvfOFDQ--0A','','https://wx.qlogo.cn/mmopen/vi_32/DYAIOgq83epIMwPE6FwsicV9d0FtxZDgPVIcoRkewEaqCrT8ePJ5w5RO8C6N5kj53ibDGQNajaPXbhkP1wgYXV3w/132','男','浙江','丽水','18857818257','微信小程序',22,1,''),(10,'oWP5G47Fo148eIAgTL5UVVoeq8hY','Jawsin','https://wx.qlogo.cn/mmopen/vi_32/Q0j4TwGTfTJiabrzic7IeQJNt5Cztd2MebTeKF4WutZy1UsjHGdVjzz4kLr9lFBAhrYnLUKNGWPVFto3OpibTiak9g/132','男','','','','微信小程序',22,1,''),(14,'oWP5G49NHB7wT_4wLSD3okvOLpSg','','','未知','未知','未知','13958933693','微信小程序',22,1,''),(8,'oWP5G49W3zw8kzdMQxp4xgyEiol4','A壹点到家','https://wx.qlogo.cn/mmopen/vi_32/4bqznxKGFddR7IwaU6jZV6bkicDzvbdDY3J6bpcHZNPUgcNwtS38LxQY4mvt1F64tE1ppqOKmHmialAeHvgZSEcg/132','男','浙江','嘉兴','15024301122','微信小程序',24,1,''),(7,'oWP5G4wITSFF8Ts7kJmjNy7E0xzQ','Loca','https://wx.qlogo.cn/mmopen/vi_32/PiajxSqBRaEJzBeP0BvYPqJHQsGEgZticQYrWsLmbQkbZiahHMnHkreBdvWlCAiaX3iawQGj9dwiarYDFX0riaYGYUIEQ/132','男','','','17671464410','微信小程序',22,1,''),(21,'oWP5G4wUjALu8ceZ_qDyXqat1gX0','HomebＯy','https://wx.qlogo.cn/mmopen/vi_32/DYAIOgq83eqqdjumyu9jKibzlmrFhS3LHGxUzDlDakia9MmCC11S5Hp4ibfHBKhWSj5uv2bQbX7bfcejpR8ObZ0ZA/132','男','河南','郑州','','微信小程序',24,1,''),(11,'oWP5G4wYani_IbeXH6RKZfofsP1g','味来食堂','https://wx.qlogo.cn/mmopen/vi_32/uaUxlOKM9xPicM2nEl5sfz3bqLcYxesVI0awAflaYVf84JICR7ZiabzG3QFkskxDYRQZY3zqzqH88NmN0BibIRjZA/132','男','内蒙古','呼和浩特','','微信小程序',22,1,''),(18,'oZUxM1BBy6Knajbd38KLdsPYYcJ4','','','未知','未知','未知','','微信公众号',0,0,''),(13,'oZUxM1BC667lgYzB1YLyv59Z_KOc','','','未知','未知','未知','','微信公众号',0,0,''),(12,'oZUxM1CDUoXh_Kn74r21o7xnMQ10','','','未知','未知','未知','','微信公众号',0,0,''),(16,'oZUxM1EUU8rzeUkzI5HrQ4ZpApNw','','','未知','未知','未知','','微信公众号',0,0,''),(15,'oZUxM1LBsaU2R5cY9huIUaG8TGZM','','','未知','未知','未知','','微信公众号',0,0,''),(9,'oZUxM1NynNnzERnKkgMMATocDATA','','','未知','未知','未知','','微信公众号',0,0,''),(23,'oZUxM1Oq2bSwpLJl4H98sJTfgMpI','','','未知','未知','未知','','微信公众号',0,0,''),(22,'oZUxM1PW39RG1thd4w2oejftZmh0','','','未知','未知','未知','','微信公众号',0,0,'');

#
# Structure for table "wx_user_bell"
#

CREATE TABLE `wx_user_bell` (
  `id` bigint(20) unsigned NOT NULL AUTO_INCREMENT COMMENT '主键id',
  `wx_user_id` bigint(20) NOT NULL DEFAULT '0' COMMENT 'wxuser表主键id',
  `phone` varchar(61) NOT NULL DEFAULT '' COMMENT '手机号',
  `source` int(11) NOT NULL DEFAULT '0' COMMENT '积分',
  `money` decimal(7,2) NOT NULL DEFAULT '0.00' COMMENT '余额',
  `is_vip` int(11) NOT NULL DEFAULT '0' COMMENT '会员标志',
  `vip_out_time` bigint(20) NOT NULL DEFAULT '0' COMMENT '会员过期时间',
  `food_coupon` decimal(5,2) NOT NULL DEFAULT '0.00' COMMENT '粮票余额',
  PRIMARY KEY (`phone`),
  UNIQUE KEY `unique_index_wxuser_id` (`wx_user_id`) USING BTREE,
  UNIQUE KEY `index` (`id`) USING BTREE,
  KEY `normal_index_money` (`money`) USING BTREE
) ENGINE=InnoDB AUTO_INCREMENT=8 DEFAULT CHARSET=utf8 COMMENT='用户信息表';

#
# Data for table "wx_user_bell"
#

INSERT INTO `wx_user_bell` VALUES (1,1,'ofGBW4xm6zksIVwIwFoDuyUDbe_0-17671464410',0,9.60,0,0,0.00),(3,4,'oWP5G42cNW2gghAZiqvfOFDQ--0A-18857818257',92,8.00,0,0,0.00),(7,14,'oWP5G49NHB7wT_4wLSD3okvOLpSg-13958933693',0,0.00,0,0,0.00),(6,8,'oWP5G49W3zw8kzdMQxp4xgyEiol4-15024301122',0,0.00,0,0,0.00),(5,7,'oWP5G4wITSFF8Ts7kJmjNy7E0xzQ-17671464410',0,0.00,0,0,0.00);

#
# Structure for table "wx_user_coupon"
#

CREATE TABLE `wx_user_coupon` (
  `id` bigint(20) NOT NULL AUTO_INCREMENT COMMENT '主键id',
  `wx_user_id` bigint(20) NOT NULL COMMENT '用户id',
  `coupon_id` bigint(20) NOT NULL COMMENT '优惠券id',
  `shop_id` bigint(20) DEFAULT NULL COMMENT '店铺id（如果是0或者优惠券类型是2，视为绑定所有店铺）',
  `coupon_type` int(4) NOT NULL COMMENT '优惠券类型（0.店铺优惠券  1.首页优惠券 2-平台优惠券所有店铺使用）',
  `get_time` datetime NOT NULL DEFAULT CURRENT_TIMESTAMP COMMENT '优惠券领取时间',
  `use_time` datetime DEFAULT NULL COMMENT '优惠券使用时间',
  `failure_time` datetime NOT NULL COMMENT '失效时间',
  `is_invalid` int(4) NOT NULL DEFAULT '0' COMMENT '是否失效（0.未使用/生效中 1.已使用/已失效 2.已过期/已失效）',
  PRIMARY KEY (`id`),
  KEY `normal_index_wx_user_id` (`wx_user_id`) USING BTREE COMMENT '微信用户id索引',
  KEY `normal_index_coupon_id` (`coupon_id`) USING BTREE COMMENT '优惠券id索引'
) ENGINE=InnoDB AUTO_INCREMENT=4 DEFAULT CHARSET=utf8 COMMENT='用户优惠券关联表';

#
# Data for table "wx_user_coupon"
#

INSERT INTO `wx_user_coupon` VALUES (1,4,44,216,0,'2019-08-06 14:31:22',NULL,'2019-08-01 14:31:22',2),(2,4,44,216,0,'2019-08-06 14:37:52',NULL,'2019-08-01 14:31:22',2),(3,4,44,216,0,'2019-08-06 18:21:07',NULL,'2019-08-01 14:31:22',2);
