{
	"description": "项目配置文件。",
	"packOptions": {
		"ignore": []
	},
	"setting": {
		"urlCheck": false,
		"es6": true,
		"postcss": true,
		"minified": true,
		"newFeature": true,
		"uglifyFileName": true
	},
	"compileType": "miniprogram",
	"libVersion": "2.7.5",
	"appid": "wxcd8d8750ddbc5ce4",
	"projectname": "%E6%A4%B0%E5%AD%90%E6%A0%A1%E5%9B%AD%E9%85%8D%E9%80%81%E7%89%88",
	"isGameTourist": false,
	"simulatorType": "wechat",
	"simulatorPluginLibVersion": {},
	"condition": {
		"search": {
			"current": -1,
			"list": []
		},
		"conversation": {
			"current": -1,
			"list": []
		},
		"plugin": {
			"current": -1,
			"list": []
		},
		"game": {
			"currentL": -1,
			"list": []
		},
		"miniprogram": {
			"current": 3,
			"list": [
				{
					"id": -1,
					"name": "个人中心",
					"pathName": "pages/mine/mine",
					"query": ""
				},
				{
					"id": -1,
					"name": "个人中心",
					"pathName": "pages/bindUser/bindUser",
					"query": ""
				},
				{
					"id": -1,
					"name": "首页",
					"pathName": "pages/index/index",
					"query": ""
				},
				{
					"id": -1,
					"name": "外卖接单",
					"pathName": "pages/takeFood/takeFood",
					"query": ""
				}
			]
		}
	}
}