{
    "usingComponents": {
      "wxc-price": "../../../dist/packages/@minui/wxc-price/dist/index",
      "wxc-abnor": "../../../dist/packages/@minui/wxc-abnor/dist/index",
      "wxc-elip": "../../../dist/packages/@minui/wxc-elip/dist/index",
      "wxc-tab": "../../../dist/packages/@minui/wxc-tab/dist/index",
      "wxc-tab-panel": "../../../dist/packages/@minui/wxc-tab/dist/panel",
      "wxc-tab-label": "../../../dist/packages/@minui/wxc-tab/dist/label",
      "i-spin": "../../../iview/spin/index"
    },
  "navigationBarTitleText": "校园二手"
  }